# source=modeled_synthetic_not_gun_violence_archive,seed=80087904,ucr_annual_murder_proxy=110,bbox,years=2014-2023
incident_id,date,state,city_or_county,address,n_killed,n_injured,latitude,longitude
milwaukee_wi_mod_0000001,2014-02-06,WI,Milwaukee,,1,0,43.130056,-87.904564
milwaukee_wi_mod_0000002,2014-10-04,WI,Milwaukee,,1,0,43.023638,-87.930404
milwaukee_wi_mod_0000003,2014-03-31,WI,Milwaukee,,1,0,43.057850,-87.835575
milwaukee_wi_mod_0000004,2014-05-25,WI,Milwaukee,,1,0,43.178996,-88.155772
milwaukee_wi_mod_0000005,2014-04-15,WI,Milwaukee,,1,0,43.117598,-87.869907
milwaukee_wi_mod_0000006,2014-09-20,WI,Milwaukee,,1,0,43.178220,-88.064215
milwaukee_wi_mod_0000007,2014-06-30,WI,Milwaukee,,1,0,43.114917,-88.013582
milwaukee_wi_mod_0000008,2014-01-03,WI,Milwaukee,,1,0,43.062165,-88.123780
milwaukee_wi_mod_0000009,2014-05-31,WI,Milwaukee,,1,0,42.951299,-88.181009
milwaukee_wi_mod_0000010,2014-08-14,WI,Milwaukee,,1,0,43.179701,-88.078756
milwaukee_wi_mod_0000011,2014-12-28,WI,Milwaukee,,1,0,42.937272,-87.937675
milwaukee_wi_mod_0000012,2014-07-12,WI,Milwaukee,,1,0,43.037020,-88.002592
milwaukee_wi_mod_0000013,2014-12-11,WI,Milwaukee,,1,0,43.105149,-87.940441
milwaukee_wi_mod_0000014,2014-12-17,WI,Milwaukee,,1,0,43.167672,-88.169157
milwaukee_wi_mod_0000015,2014-10-13,WI,Milwaukee,,1,0,43.191376,-87.849117
milwaukee_wi_mod_0000016,2014-08-23,WI,Milwaukee,,1,0,43.093919,-87.877806
milwaukee_wi_mod_0000017,2014-03-12,WI,Milwaukee,,1,0,43.182065,-87.823147
milwaukee_wi_mod_0000018,2014-05-24,WI,Milwaukee,,1,0,43.133579,-88.002709
milwaukee_wi_mod_0000019,2014-09-29,WI,Milwaukee,,1,0,43.161880,-87.857739
milwaukee_wi_mod_0000020,2014-11-22,WI,Milwaukee,,1,0,42.911545,-88.148476
milwaukee_wi_mod_0000021,2014-12-09,WI,Milwaukee,,1,0,43.004539,-87.885286
milwaukee_wi_mod_0000022,2014-11-07,WI,Milwaukee,,1,0,43.087163,-88.113074
milwaukee_wi_mod_0000023,2014-06-23,WI,Milwaukee,,1,0,43.148703,-88.189591
milwaukee_wi_mod_0000024,2014-01-14,WI,Milwaukee,,1,0,43.043119,-87.892400
milwaukee_wi_mod_0000025,2014-08-23,WI,Milwaukee,,1,0,43.031315,-88.075079
milwaukee_wi_mod_0000026,2014-12-09,WI,Milwaukee,,1,0,42.919906,-88.163331
milwaukee_wi_mod_0000027,2014-08-25,WI,Milwaukee,,1,0,43.172901,-87.830803
milwaukee_wi_mod_0000028,2014-11-30,WI,Milwaukee,,1,0,43.136327,-88.036151
milwaukee_wi_mod_0000029,2014-12-26,WI,Milwaukee,,1,0,43.169112,-87.978788
milwaukee_wi_mod_0000030,2014-10-05,WI,Milwaukee,,1,0,43.151419,-88.022472
milwaukee_wi_mod_0000031,2014-03-28,WI,Milwaukee,,1,0,43.043547,-87.879288
milwaukee_wi_mod_0000032,2014-07-21,WI,Milwaukee,,1,0,43.021519,-87.814401
milwaukee_wi_mod_0000033,2014-05-01,WI,Milwaukee,,1,0,43.155429,-87.934664
milwaukee_wi_mod_0000034,2014-05-10,WI,Milwaukee,,1,0,42.959715,-88.158214
milwaukee_wi_mod_0000035,2014-09-16,WI,Milwaukee,,1,0,42.950570,-87.916689
milwaukee_wi_mod_0000036,2014-12-17,WI,Milwaukee,,1,0,42.971094,-87.967191
milwaukee_wi_mod_0000037,2014-10-11,WI,Milwaukee,,1,0,42.943058,-88.188815
milwaukee_wi_mod_0000038,2014-12-22,WI,Milwaukee,,1,0,43.157398,-88.034685
milwaukee_wi_mod_0000039,2014-01-11,WI,Milwaukee,,1,0,43.029981,-88.016694
milwaukee_wi_mod_0000040,2014-12-20,WI,Milwaukee,,1,0,42.902873,-88.130625
milwaukee_wi_mod_0000041,2014-06-19,WI,Milwaukee,,1,0,42.956136,-87.990599
milwaukee_wi_mod_0000042,2014-06-02,WI,Milwaukee,,1,0,43.013894,-88.183395
milwaukee_wi_mod_0000043,2014-04-03,WI,Milwaukee,,1,0,42.957155,-88.139385
milwaukee_wi_mod_0000044,2014-07-23,WI,Milwaukee,,1,0,43.161862,-87.938571
milwaukee_wi_mod_0000045,2014-02-19,WI,Milwaukee,,1,0,42.914137,-87.997566
milwaukee_wi_mod_0000046,2014-01-29,WI,Milwaukee,,1,0,43.012970,-88.177263
milwaukee_wi_mod_0000047,2014-10-14,WI,Milwaukee,,1,0,43.110183,-88.029211
milwaukee_wi_mod_0000048,2014-09-28,WI,Milwaukee,,1,0,43.108633,-88.005846
milwaukee_wi_mod_0000049,2014-11-22,WI,Milwaukee,,1,0,43.152308,-88.057901
milwaukee_wi_mod_0000050,2014-02-06,WI,Milwaukee,,1,0,43.040662,-88.169112
milwaukee_wi_mod_0000051,2014-04-06,WI,Milwaukee,,1,0,42.993142,-88.140540
milwaukee_wi_mod_0000052,2014-03-14,WI,Milwaukee,,1,0,43.142254,-88.034550
milwaukee_wi_mod_0000053,2014-01-09,WI,Milwaukee,,1,0,43.084159,-88.055667
milwaukee_wi_mod_0000054,2014-08-05,WI,Milwaukee,,1,0,42.926529,-88.101556
milwaukee_wi_mod_0000055,2014-12-24,WI,Milwaukee,,1,0,42.907566,-87.979168
milwaukee_wi_mod_0000056,2014-09-04,WI,Milwaukee,,1,0,43.127096,-88.077690
milwaukee_wi_mod_0000057,2014-10-25,WI,Milwaukee,,1,0,42.920762,-88.182609
milwaukee_wi_mod_0000058,2014-03-29,WI,Milwaukee,,1,0,43.135165,-87.904930
milwaukee_wi_mod_0000059,2014-09-13,WI,Milwaukee,,1,0,43.037949,-88.176232
milwaukee_wi_mod_0000060,2014-03-30,WI,Milwaukee,,1,0,43.115250,-88.092596
milwaukee_wi_mod_0000061,2014-07-16,WI,Milwaukee,,1,0,43.056175,-88.066036
milwaukee_wi_mod_0000062,2014-01-13,WI,Milwaukee,,1,0,43.167167,-88.092745
milwaukee_wi_mod_0000063,2014-01-24,WI,Milwaukee,,1,0,43.011722,-87.868300
milwaukee_wi_mod_0000064,2014-02-17,WI,Milwaukee,,1,0,42.992199,-88.045312
milwaukee_wi_mod_0000065,2014-08-20,WI,Milwaukee,,1,0,43.184542,-88.146380
milwaukee_wi_mod_0000066,2014-07-20,WI,Milwaukee,,1,0,43.034368,-88.106981
milwaukee_wi_mod_0000067,2014-07-07,WI,Milwaukee,,1,0,43.080659,-87.934940
milwaukee_wi_mod_0000068,2014-01-10,WI,Milwaukee,,1,0,43.029705,-87.963878
milwaukee_wi_mod_0000069,2014-08-04,WI,Milwaukee,,1,0,42.932599,-87.872585
milwaukee_wi_mod_0000070,2014-08-18,WI,Milwaukee,,1,0,43.115470,-88.179501
milwaukee_wi_mod_0000071,2014-12-24,WI,Milwaukee,,1,0,42.902721,-87.954146
milwaukee_wi_mod_0000072,2014-09-01,WI,Milwaukee,,1,0,43.125942,-87.880251
milwaukee_wi_mod_0000073,2014-03-15,WI,Milwaukee,,1,0,43.190602,-88.030821
milwaukee_wi_mod_0000074,2014-01-03,WI,Milwaukee,,1,0,43.140254,-87.974595
milwaukee_wi_mod_0000075,2014-02-17,WI,Milwaukee,,1,0,43.164327,-88.137293
milwaukee_wi_mod_0000076,2014-03-18,WI,Milwaukee,,1,0,42.993856,-88.194592
milwaukee_wi_mod_0000077,2014-06-01,WI,Milwaukee,,1,0,43.103132,-88.002433
milwaukee_wi_mod_0000078,2014-07-30,WI,Milwaukee,,1,0,42.923734,-87.805849
milwaukee_wi_mod_0000079,2014-05-24,WI,Milwaukee,,1,0,43.083221,-87.812381
milwaukee_wi_mod_0000080,2014-10-14,WI,Milwaukee,,1,0,42.976277,-88.145996
milwaukee_wi_mod_0000081,2014-05-26,WI,Milwaukee,,1,0,43.179315,-88.020676
milwaukee_wi_mod_0000082,2014-06-05,WI,Milwaukee,,1,0,43.004729,-87.863036
milwaukee_wi_mod_0000083,2014-11-10,WI,Milwaukee,,1,0,42.902461,-88.188573
milwaukee_wi_mod_0000084,2014-03-01,WI,Milwaukee,,1,0,42.922417,-87.903042
milwaukee_wi_mod_0000085,2014-04-24,WI,Milwaukee,,1,0,43.126474,-88.121185
milwaukee_wi_mod_0000086,2014-07-27,WI,Milwaukee,,1,0,43.052630,-87.964788
milwaukee_wi_mod_0000087,2014-09-08,WI,Milwaukee,,1,0,43.120115,-88.063188
milwaukee_wi_mod_0000088,2014-07-29,WI,Milwaukee,,1,0,43.168277,-87.876032
milwaukee_wi_mod_0000089,2014-09-11,WI,Milwaukee,,1,0,43.118673,-88.166813
milwaukee_wi_mod_0000090,2014-06-05,WI,Milwaukee,,1,0,42.914793,-87.967764
milwaukee_wi_mod_0000091,2014-08-09,WI,Milwaukee,,1,0,43.152206,-88.011031
milwaukee_wi_mod_0000092,2014-04-14,WI,Milwaukee,,1,0,43.022853,-88.141316
milwaukee_wi_mod_0000093,2014-05-22,WI,Milwaukee,,1,0,43.079260,-87.868567
milwaukee_wi_mod_0000094,2014-10-30,WI,Milwaukee,,1,0,42.976226,-88.082951
milwaukee_wi_mod_0000095,2014-11-14,WI,Milwaukee,,1,0,43.039188,-88.024918
milwaukee_wi_mod_0000096,2014-02-06,WI,Milwaukee,,1,0,42.951818,-88.126123
milwaukee_wi_mod_0000097,2014-01-30,WI,Milwaukee,,1,0,42.905965,-88.044179
milwaukee_wi_mod_0000098,2014-09-08,WI,Milwaukee,,1,0,43.036088,-87.836967
milwaukee_wi_mod_0000099,2014-10-06,WI,Milwaukee,,1,0,43.076515,-88.052735
milwaukee_wi_mod_0000100,2014-09-04,WI,Milwaukee,,1,0,43.097822,-87.805119
milwaukee_wi_mod_0000101,2014-07-13,WI,Milwaukee,,1,0,42.982043,-88.141516
milwaukee_wi_mod_0000102,2014-08-16,WI,Milwaukee,,1,0,42.960278,-88.002501
milwaukee_wi_mod_0000103,2014-02-03,WI,Milwaukee,,1,0,42.983180,-87.859704
milwaukee_wi_mod_0000104,2014-03-17,WI,Milwaukee,,1,0,42.933848,-88.048703
milwaukee_wi_mod_0000105,2014-01-15,WI,Milwaukee,,1,0,42.909204,-87.984188
milwaukee_wi_mod_0000106,2014-07-30,WI,Milwaukee,,1,0,42.977979,-87.969947
milwaukee_wi_mod_0000107,2014-04-06,WI,Milwaukee,,1,0,43.078037,-87.832160
milwaukee_wi_mod_0000108,2014-10-29,WI,Milwaukee,,1,0,42.948484,-88.049966
milwaukee_wi_mod_0000109,2014-04-08,WI,Milwaukee,,1,0,42.949549,-87.828522
milwaukee_wi_mod_0000110,2014-12-02,WI,Milwaukee,,1,0,43.041768,-87.894688
milwaukee_wi_mod_0000111,2015-10-16,WI,Milwaukee,,1,0,42.937013,-87.972366
milwaukee_wi_mod_0000112,2015-02-16,WI,Milwaukee,,1,0,43.150375,-88.109130
milwaukee_wi_mod_0000113,2015-12-13,WI,Milwaukee,,1,0,42.935739,-87.920478
milwaukee_wi_mod_0000114,2015-09-26,WI,Milwaukee,,1,0,43.033057,-87.948329
milwaukee_wi_mod_0000115,2015-07-08,WI,Milwaukee,,1,0,42.914868,-87.852472
milwaukee_wi_mod_0000116,2015-10-10,WI,Milwaukee,,1,0,43.001615,-88.138473
milwaukee_wi_mod_0000117,2015-06-22,WI,Milwaukee,,1,0,42.939463,-88.124813
milwaukee_wi_mod_0000118,2015-02-17,WI,Milwaukee,,1,0,42.910295,-87.930682
milwaukee_wi_mod_0000119,2015-01-24,WI,Milwaukee,,1,0,43.040028,-88.187141
milwaukee_wi_mod_0000120,2015-09-16,WI,Milwaukee,,1,0,43.173636,-88.064307
milwaukee_wi_mod_0000121,2015-05-30,WI,Milwaukee,,1,0,42.905214,-88.004783
milwaukee_wi_mod_0000122,2015-05-19,WI,Milwaukee,,1,0,42.964739,-87.899474
milwaukee_wi_mod_0000123,2015-01-15,WI,Milwaukee,,1,0,42.919077,-88.149669
milwaukee_wi_mod_0000124,2015-11-27,WI,Milwaukee,,1,0,43.018317,-88.066481
milwaukee_wi_mod_0000125,2015-12-29,WI,Milwaukee,,1,0,42.933870,-88.068302
milwaukee_wi_mod_0000126,2015-11-17,WI,Milwaukee,,1,0,43.020943,-87.896047
milwaukee_wi_mod_0000127,2015-09-15,WI,Milwaukee,,1,0,42.932818,-87.874101
milwaukee_wi_mod_0000128,2015-05-23,WI,Milwaukee,,1,0,42.982342,-87.849470
milwaukee_wi_mod_0000129,2015-02-26,WI,Milwaukee,,1,0,43.029692,-87.949232
milwaukee_wi_mod_0000130,2015-06-20,WI,Milwaukee,,1,0,43.199063,-88.186837
milwaukee_wi_mod_0000131,2015-12-20,WI,Milwaukee,,1,0,43.061663,-87.804569
milwaukee_wi_mod_0000132,2015-12-26,WI,Milwaukee,,1,0,43.166322,-88.118726
milwaukee_wi_mod_0000133,2015-02-19,WI,Milwaukee,,1,0,42.996579,-87.856857
milwaukee_wi_mod_0000134,2015-05-05,WI,Milwaukee,,1,0,43.176137,-88.197321
milwaukee_wi_mod_0000135,2015-10-22,WI,Milwaukee,,1,0,42.991055,-87.996970
milwaukee_wi_mod_0000136,2015-03-19,WI,Milwaukee,,1,0,43.109929,-87.892703
milwaukee_wi_mod_0000137,2015-04-20,WI,Milwaukee,,1,0,42.963544,-88.167418
milwaukee_wi_mod_0000138,2015-02-13,WI,Milwaukee,,1,0,43.082011,-87.921506
milwaukee_wi_mod_0000139,2015-08-09,WI,Milwaukee,,1,0,42.937347,-88.132935
milwaukee_wi_mod_0000140,2015-02-15,WI,Milwaukee,,1,0,43.087646,-87.986147
milwaukee_wi_mod_0000141,2015-02-08,WI,Milwaukee,,1,0,43.198218,-88.065768
milwaukee_wi_mod_0000142,2015-03-06,WI,Milwaukee,,1,0,43.198116,-87.807076
milwaukee_wi_mod_0000143,2015-05-20,WI,Milwaukee,,1,0,42.920156,-88.014068
milwaukee_wi_mod_0000144,2015-06-14,WI,Milwaukee,,1,0,42.914808,-87.943729
milwaukee_wi_mod_0000145,2015-09-28,WI,Milwaukee,,1,0,42.920690,-87.979053
milwaukee_wi_mod_0000146,2015-04-07,WI,Milwaukee,,1,0,43.116046,-87.946301
milwaukee_wi_mod_0000147,2015-01-01,WI,Milwaukee,,1,0,42.936997,-87.912069
milwaukee_wi_mod_0000148,2015-10-25,WI,Milwaukee,,1,0,43.169401,-88.044999
milwaukee_wi_mod_0000149,2015-01-05,WI,Milwaukee,,1,0,42.920614,-87.993277
milwaukee_wi_mod_0000150,2015-03-28,WI,Milwaukee,,1,0,43.199366,-88.122901
milwaukee_wi_mod_0000151,2015-02-14,WI,Milwaukee,,1,0,42.977506,-88.195229
milwaukee_wi_mod_0000152,2015-07-10,WI,Milwaukee,,1,0,43.197571,-87.855809
milwaukee_wi_mod_0000153,2015-10-25,WI,Milwaukee,,1,0,42.996197,-88.184857
milwaukee_wi_mod_0000154,2015-10-14,WI,Milwaukee,,1,0,43.145556,-87.852437
milwaukee_wi_mod_0000155,2015-12-22,WI,Milwaukee,,1,0,42.900010,-88.072360
milwaukee_wi_mod_0000156,2015-06-13,WI,Milwaukee,,1,0,43.129674,-87.880092
milwaukee_wi_mod_0000157,2015-04-09,WI,Milwaukee,,1,0,42.989811,-88.079902
milwaukee_wi_mod_0000158,2015-12-23,WI,Milwaukee,,1,0,43.174955,-88.094124
milwaukee_wi_mod_0000159,2015-12-01,WI,Milwaukee,,1,0,43.121919,-88.015095
milwaukee_wi_mod_0000160,2015-02-18,WI,Milwaukee,,1,0,42.944608,-88.124615
milwaukee_wi_mod_0000161,2015-09-03,WI,Milwaukee,,1,0,42.968093,-88.096897
milwaukee_wi_mod_0000162,2015-12-26,WI,Milwaukee,,1,0,43.096887,-87.898496
milwaukee_wi_mod_0000163,2015-06-21,WI,Milwaukee,,1,0,42.907321,-88.045685
milwaukee_wi_mod_0000164,2015-09-03,WI,Milwaukee,,1,0,43.121622,-87.936977
milwaukee_wi_mod_0000165,2015-12-16,WI,Milwaukee,,1,0,43.032043,-87.811005
milwaukee_wi_mod_0000166,2015-06-08,WI,Milwaukee,,1,0,43.109286,-87.992235
milwaukee_wi_mod_0000167,2015-02-04,WI,Milwaukee,,1,0,43.009552,-88.019410
milwaukee_wi_mod_0000168,2015-10-01,WI,Milwaukee,,1,0,43.025681,-88.131966
milwaukee_wi_mod_0000169,2015-10-27,WI,Milwaukee,,1,0,42.996670,-87.918733
milwaukee_wi_mod_0000170,2015-04-27,WI,Milwaukee,,1,0,42.976114,-88.137808
milwaukee_wi_mod_0000171,2015-06-25,WI,Milwaukee,,1,0,43.154027,-87.971157
milwaukee_wi_mod_0000172,2015-01-23,WI,Milwaukee,,1,0,43.045579,-88.055749
milwaukee_wi_mod_0000173,2015-10-21,WI,Milwaukee,,1,0,42.973159,-87.997421
milwaukee_wi_mod_0000174,2015-03-08,WI,Milwaukee,,1,0,43.182778,-88.138842
milwaukee_wi_mod_0000175,2015-01-07,WI,Milwaukee,,1,0,43.130713,-87.812512
milwaukee_wi_mod_0000176,2015-10-20,WI,Milwaukee,,1,0,43.031883,-87.864590
milwaukee_wi_mod_0000177,2015-12-16,WI,Milwaukee,,1,0,43.160830,-87.863196
milwaukee_wi_mod_0000178,2015-12-25,WI,Milwaukee,,1,0,43.117918,-88.116701
milwaukee_wi_mod_0000179,2015-12-20,WI,Milwaukee,,1,0,42.977968,-88.084653
milwaukee_wi_mod_0000180,2015-03-18,WI,Milwaukee,,1,0,42.922706,-87.985058
milwaukee_wi_mod_0000181,2015-05-03,WI,Milwaukee,,1,0,43.071294,-87.972966
milwaukee_wi_mod_0000182,2015-12-24,WI,Milwaukee,,1,0,43.174326,-87.991108
milwaukee_wi_mod_0000183,2015-08-20,WI,Milwaukee,,1,0,42.985477,-88.035181
milwaukee_wi_mod_0000184,2015-08-22,WI,Milwaukee,,1,0,42.903354,-87.911426
milwaukee_wi_mod_0000185,2015-08-05,WI,Milwaukee,,1,0,42.970383,-87.915747
milwaukee_wi_mod_0000186,2015-02-17,WI,Milwaukee,,1,0,43.132796,-88.146765
milwaukee_wi_mod_0000187,2015-08-03,WI,Milwaukee,,1,0,42.925391,-87.900171
milwaukee_wi_mod_0000188,2015-04-09,WI,Milwaukee,,1,0,42.925077,-88.049664
milwaukee_wi_mod_0000189,2015-09-09,WI,Milwaukee,,1,0,43.022615,-88.031898
milwaukee_wi_mod_0000190,2015-06-07,WI,Milwaukee,,1,0,43.066374,-87.950708
milwaukee_wi_mod_0000191,2015-12-29,WI,Milwaukee,,1,0,43.092681,-88.180805
milwaukee_wi_mod_0000192,2015-02-22,WI,Milwaukee,,1,0,42.905776,-88.124298
milwaukee_wi_mod_0000193,2015-12-06,WI,Milwaukee,,1,0,42.952002,-87.803145
milwaukee_wi_mod_0000194,2015-10-25,WI,Milwaukee,,1,0,43.049755,-87.947432
milwaukee_wi_mod_0000195,2015-01-18,WI,Milwaukee,,1,0,43.168274,-87.855303
milwaukee_wi_mod_0000196,2015-09-25,WI,Milwaukee,,1,0,43.030683,-88.117157
milwaukee_wi_mod_0000197,2015-06-14,WI,Milwaukee,,1,0,42.913777,-88.103948
milwaukee_wi_mod_0000198,2015-12-31,WI,Milwaukee,,1,0,43.177322,-88.039461
milwaukee_wi_mod_0000199,2015-09-16,WI,Milwaukee,,1,0,43.051258,-88.036168
milwaukee_wi_mod_0000200,2015-02-27,WI,Milwaukee,,1,0,43.043586,-87.832649
milwaukee_wi_mod_0000201,2015-11-27,WI,Milwaukee,,1,0,43.072285,-88.109404
milwaukee_wi_mod_0000202,2015-04-07,WI,Milwaukee,,1,0,43.129479,-88.072478
milwaukee_wi_mod_0000203,2015-11-15,WI,Milwaukee,,1,0,43.004277,-87.938219
milwaukee_wi_mod_0000204,2015-05-22,WI,Milwaukee,,1,0,42.960178,-87.808907
milwaukee_wi_mod_0000205,2015-01-19,WI,Milwaukee,,1,0,43.147641,-88.051264
milwaukee_wi_mod_0000206,2015-05-27,WI,Milwaukee,,1,0,43.182595,-87.911207
milwaukee_wi_mod_0000207,2015-04-14,WI,Milwaukee,,1,0,43.108885,-88.016346
milwaukee_wi_mod_0000208,2015-06-21,WI,Milwaukee,,1,0,42.976337,-88.028289
milwaukee_wi_mod_0000209,2015-04-02,WI,Milwaukee,,1,0,43.038396,-88.008855
milwaukee_wi_mod_0000210,2015-03-03,WI,Milwaukee,,1,0,42.969353,-88.107696
milwaukee_wi_mod_0000211,2015-11-05,WI,Milwaukee,,1,0,43.017238,-88.011325
milwaukee_wi_mod_0000212,2015-01-23,WI,Milwaukee,,1,0,43.146320,-87.818736
milwaukee_wi_mod_0000213,2015-05-12,WI,Milwaukee,,1,0,42.915450,-87.910216
milwaukee_wi_mod_0000214,2015-01-18,WI,Milwaukee,,1,0,43.007884,-88.106677
milwaukee_wi_mod_0000215,2015-01-19,WI,Milwaukee,,1,0,42.958327,-88.050938
milwaukee_wi_mod_0000216,2015-03-19,WI,Milwaukee,,1,0,43.164832,-88.120945
milwaukee_wi_mod_0000217,2015-02-16,WI,Milwaukee,,1,0,43.152197,-87.907805
milwaukee_wi_mod_0000218,2015-11-17,WI,Milwaukee,,1,0,43.107346,-88.126935
milwaukee_wi_mod_0000219,2015-04-15,WI,Milwaukee,,1,0,42.969218,-87.968461
milwaukee_wi_mod_0000220,2015-09-01,WI,Milwaukee,,1,0,43.003772,-88.038649
milwaukee_wi_mod_0000221,2016-02-29,WI,Milwaukee,,1,0,43.169842,-87.893937
milwaukee_wi_mod_0000222,2016-02-22,WI,Milwaukee,,1,0,43.196523,-88.029756
milwaukee_wi_mod_0000223,2016-04-27,WI,Milwaukee,,1,0,42.911675,-88.004166
milwaukee_wi_mod_0000224,2016-03-26,WI,Milwaukee,,1,0,42.907656,-88.009396
milwaukee_wi_mod_0000225,2016-06-22,WI,Milwaukee,,1,0,43.043705,-88.193767
milwaukee_wi_mod_0000226,2016-02-20,WI,Milwaukee,,1,0,43.176587,-87.906474
milwaukee_wi_mod_0000227,2016-01-06,WI,Milwaukee,,1,0,43.144986,-88.182872
milwaukee_wi_mod_0000228,2016-02-03,WI,Milwaukee,,1,0,42.966682,-88.051511
milwaukee_wi_mod_0000229,2016-03-11,WI,Milwaukee,,1,0,42.911960,-87.867425
milwaukee_wi_mod_0000230,2016-03-16,WI,Milwaukee,,1,0,42.964444,-87.994958
milwaukee_wi_mod_0000231,2016-05-25,WI,Milwaukee,,1,0,42.931420,-88.123652
milwaukee_wi_mod_0000232,2016-07-14,WI,Milwaukee,,1,0,43.145259,-88.068416
milwaukee_wi_mod_0000233,2016-06-14,WI,Milwaukee,,1,0,43.048031,-88.087369
milwaukee_wi_mod_0000234,2016-02-19,WI,Milwaukee,,1,0,43.145359,-87.899144
milwaukee_wi_mod_0000235,2016-01-02,WI,Milwaukee,,1,0,43.139708,-88.048209
milwaukee_wi_mod_0000236,2016-06-22,WI,Milwaukee,,1,0,42.915812,-88.122202
milwaukee_wi_mod_0000237,2016-02-05,WI,Milwaukee,,1,0,43.080369,-88.105412
milwaukee_wi_mod_0000238,2016-07-01,WI,Milwaukee,,1,0,42.908820,-87.858966
milwaukee_wi_mod_0000239,2016-02-03,WI,Milwaukee,,1,0,42.914238,-88.055162
milwaukee_wi_mod_0000240,2016-06-05,WI,Milwaukee,,1,0,43.003927,-87.893049
milwaukee_wi_mod_0000241,2016-09-20,WI,Milwaukee,,1,0,43.015089,-88.152969
milwaukee_wi_mod_0000242,2016-06-10,WI,Milwaukee,,1,0,43.160222,-87.927702
milwaukee_wi_mod_0000243,2016-12-05,WI,Milwaukee,,1,0,43.144629,-88.119505
milwaukee_wi_mod_0000244,2016-12-05,WI,Milwaukee,,1,0,43.126775,-88.069376
milwaukee_wi_mod_0000245,2016-04-10,WI,Milwaukee,,1,0,43.197186,-87.984109
milwaukee_wi_mod_0000246,2016-02-23,WI,Milwaukee,,1,0,43.181997,-88.040645
milwaukee_wi_mod_0000247,2016-06-07,WI,Milwaukee,,1,0,43.098632,-88.002126
milwaukee_wi_mod_0000248,2016-06-04,WI,Milwaukee,,1,0,43.132164,-88.124615
milwaukee_wi_mod_0000249,2016-09-18,WI,Milwaukee,,1,0,42.990564,-87.808440
milwaukee_wi_mod_0000250,2016-07-07,WI,Milwaukee,,1,0,43.036782,-87.868633
milwaukee_wi_mod_0000251,2016-06-21,WI,Milwaukee,,1,0,43.159798,-87.992901
milwaukee_wi_mod_0000252,2016-04-27,WI,Milwaukee,,1,0,43.089986,-88.013729
milwaukee_wi_mod_0000253,2016-03-27,WI,Milwaukee,,1,0,42.986152,-88.035304
milwaukee_wi_mod_0000254,2016-01-06,WI,Milwaukee,,1,0,43.113894,-88.077736
milwaukee_wi_mod_0000255,2016-01-28,WI,Milwaukee,,1,0,42.959260,-88.188993
milwaukee_wi_mod_0000256,2016-01-27,WI,Milwaukee,,1,0,43.193147,-87.976053
milwaukee_wi_mod_0000257,2016-08-03,WI,Milwaukee,,1,0,43.061732,-88.152679
milwaukee_wi_mod_0000258,2016-01-26,WI,Milwaukee,,1,0,42.905588,-88.163629
milwaukee_wi_mod_0000259,2016-07-05,WI,Milwaukee,,1,0,43.138074,-88.092903
milwaukee_wi_mod_0000260,2016-03-13,WI,Milwaukee,,1,0,43.102433,-87.980540
milwaukee_wi_mod_0000261,2016-01-24,WI,Milwaukee,,1,0,42.958783,-87.839204
milwaukee_wi_mod_0000262,2016-01-17,WI,Milwaukee,,1,0,43.164628,-88.112965
milwaukee_wi_mod_0000263,2016-07-29,WI,Milwaukee,,1,0,43.167198,-88.189233
milwaukee_wi_mod_0000264,2016-02-11,WI,Milwaukee,,1,0,42.961770,-88.050122
milwaukee_wi_mod_0000265,2016-11-17,WI,Milwaukee,,1,0,43.173187,-87.814497
milwaukee_wi_mod_0000266,2016-06-23,WI,Milwaukee,,1,0,42.966947,-88.062527
milwaukee_wi_mod_0000267,2016-07-30,WI,Milwaukee,,1,0,43.061901,-88.139376
milwaukee_wi_mod_0000268,2016-08-27,WI,Milwaukee,,1,0,42.930516,-88.072194
milwaukee_wi_mod_0000269,2016-03-18,WI,Milwaukee,,1,0,43.044587,-88.173502
milwaukee_wi_mod_0000270,2016-12-07,WI,Milwaukee,,1,0,43.075278,-88.113880
milwaukee_wi_mod_0000271,2016-06-05,WI,Milwaukee,,1,0,43.195352,-87.854144
milwaukee_wi_mod_0000272,2016-10-04,WI,Milwaukee,,1,0,43.059695,-87.805081
milwaukee_wi_mod_0000273,2016-02-11,WI,Milwaukee,,1,0,43.129047,-88.088302
milwaukee_wi_mod_0000274,2016-05-30,WI,Milwaukee,,1,0,42.936112,-87.998651
milwaukee_wi_mod_0000275,2016-11-29,WI,Milwaukee,,1,0,43.111967,-88.169956
milwaukee_wi_mod_0000276,2016-01-14,WI,Milwaukee,,1,0,42.933437,-88.173868
milwaukee_wi_mod_0000277,2016-04-17,WI,Milwaukee,,1,0,42.986976,-88.140387
milwaukee_wi_mod_0000278,2016-02-14,WI,Milwaukee,,1,0,43.074744,-87.991756
milwaukee_wi_mod_0000279,2016-01-05,WI,Milwaukee,,1,0,43.032017,-88.077388
milwaukee_wi_mod_0000280,2016-10-27,WI,Milwaukee,,1,0,42.930006,-88.110425
milwaukee_wi_mod_0000281,2016-10-30,WI,Milwaukee,,1,0,43.171242,-87.935290
milwaukee_wi_mod_0000282,2016-12-07,WI,Milwaukee,,1,0,43.027946,-87.894805
milwaukee_wi_mod_0000283,2016-07-26,WI,Milwaukee,,1,0,43.194505,-88.058599
milwaukee_wi_mod_0000284,2016-04-23,WI,Milwaukee,,1,0,43.162973,-87.981899
milwaukee_wi_mod_0000285,2016-08-14,WI,Milwaukee,,1,0,42.932526,-88.148942
milwaukee_wi_mod_0000286,2016-01-06,WI,Milwaukee,,1,0,43.186593,-88.168251
milwaukee_wi_mod_0000287,2016-03-31,WI,Milwaukee,,1,0,42.934821,-88.087155
milwaukee_wi_mod_0000288,2016-12-15,WI,Milwaukee,,1,0,43.001597,-88.041451
milwaukee_wi_mod_0000289,2016-11-03,WI,Milwaukee,,1,0,43.041871,-87.941702
milwaukee_wi_mod_0000290,2016-04-04,WI,Milwaukee,,1,0,43.107539,-88.102324
milwaukee_wi_mod_0000291,2016-09-06,WI,Milwaukee,,1,0,43.127534,-88.130271
milwaukee_wi_mod_0000292,2016-07-17,WI,Milwaukee,,1,0,42.953940,-87.981116
milwaukee_wi_mod_0000293,2016-10-05,WI,Milwaukee,,1,0,43.103112,-87.943835
milwaukee_wi_mod_0000294,2016-03-06,WI,Milwaukee,,1,0,43.153377,-88.127738
milwaukee_wi_mod_0000295,2016-01-22,WI,Milwaukee,,1,0,43.193850,-87.916833
milwaukee_wi_mod_0000296,2016-10-14,WI,Milwaukee,,1,0,43.057509,-88.024998
milwaukee_wi_mod_0000297,2016-02-13,WI,Milwaukee,,1,0,43.009420,-88.139986
milwaukee_wi_mod_0000298,2016-03-27,WI,Milwaukee,,1,0,42.949583,-87.998320
milwaukee_wi_mod_0000299,2016-11-12,WI,Milwaukee,,1,0,43.037711,-88.018471
milwaukee_wi_mod_0000300,2016-09-15,WI,Milwaukee,,1,0,43.155558,-88.046292
milwaukee_wi_mod_0000301,2016-06-02,WI,Milwaukee,,1,0,42.998992,-87.953790
milwaukee_wi_mod_0000302,2016-06-27,WI,Milwaukee,,1,0,43.158615,-88.058914
milwaukee_wi_mod_0000303,2016-11-16,WI,Milwaukee,,1,0,43.144852,-87.928132
milwaukee_wi_mod_0000304,2016-02-17,WI,Milwaukee,,1,0,43.052322,-88.018356
milwaukee_wi_mod_0000305,2016-02-25,WI,Milwaukee,,1,0,43.140751,-87.970982
milwaukee_wi_mod_0000306,2016-02-23,WI,Milwaukee,,1,0,42.958752,-88.090678
milwaukee_wi_mod_0000307,2016-07-13,WI,Milwaukee,,1,0,42.943394,-88.117580
milwaukee_wi_mod_0000308,2016-04-12,WI,Milwaukee,,1,0,42.974152,-88.101529
milwaukee_wi_mod_0000309,2016-10-12,WI,Milwaukee,,1,0,42.931233,-87.958044
milwaukee_wi_mod_0000310,2016-06-21,WI,Milwaukee,,1,0,42.925532,-87.891857
milwaukee_wi_mod_0000311,2016-03-28,WI,Milwaukee,,1,0,43.002823,-88.075097
milwaukee_wi_mod_0000312,2016-02-08,WI,Milwaukee,,1,0,43.162290,-87.833466
milwaukee_wi_mod_0000313,2016-12-24,WI,Milwaukee,,1,0,43.013432,-87.953660
milwaukee_wi_mod_0000314,2016-01-13,WI,Milwaukee,,1,0,43.085432,-88.181908
milwaukee_wi_mod_0000315,2016-10-20,WI,Milwaukee,,1,0,42.974870,-87.832097
milwaukee_wi_mod_0000316,2016-03-18,WI,Milwaukee,,1,0,43.024135,-87.855229
milwaukee_wi_mod_0000317,2016-12-07,WI,Milwaukee,,1,0,42.972247,-88.112398
milwaukee_wi_mod_0000318,2016-03-24,WI,Milwaukee,,1,0,42.951609,-87.803936
milwaukee_wi_mod_0000319,2016-05-19,WI,Milwaukee,,1,0,43.165770,-87.898918
milwaukee_wi_mod_0000320,2016-07-02,WI,Milwaukee,,1,0,42.913087,-87.900637
milwaukee_wi_mod_0000321,2016-08-25,WI,Milwaukee,,1,0,43.093578,-88.042170
milwaukee_wi_mod_0000322,2016-09-08,WI,Milwaukee,,1,0,43.029893,-87.926804
milwaukee_wi_mod_0000323,2016-05-11,WI,Milwaukee,,1,0,42.975301,-87.914504
milwaukee_wi_mod_0000324,2016-06-18,WI,Milwaukee,,1,0,43.039979,-87.979885
milwaukee_wi_mod_0000325,2016-06-04,WI,Milwaukee,,1,0,43.148859,-88.137526
milwaukee_wi_mod_0000326,2016-07-02,WI,Milwaukee,,1,0,43.189225,-88.027132
milwaukee_wi_mod_0000327,2016-08-07,WI,Milwaukee,,1,0,42.978064,-88.107684
milwaukee_wi_mod_0000328,2016-07-07,WI,Milwaukee,,1,0,43.079733,-88.182318
milwaukee_wi_mod_0000329,2016-10-29,WI,Milwaukee,,1,0,43.000869,-88.148639
milwaukee_wi_mod_0000330,2016-08-11,WI,Milwaukee,,1,0,42.954915,-88.001005
milwaukee_wi_mod_0000331,2017-07-05,WI,Milwaukee,,1,0,42.947221,-88.010478
milwaukee_wi_mod_0000332,2017-06-13,WI,Milwaukee,,1,0,43.150970,-87.842341
milwaukee_wi_mod_0000333,2017-03-01,WI,Milwaukee,,1,0,42.959622,-87.852491
milwaukee_wi_mod_0000334,2017-07-28,WI,Milwaukee,,1,0,43.134727,-88.006062
milwaukee_wi_mod_0000335,2017-08-01,WI,Milwaukee,,1,0,43.014281,-87.962000
milwaukee_wi_mod_0000336,2017-02-09,WI,Milwaukee,,1,0,43.098600,-88.137515
milwaukee_wi_mod_0000337,2017-05-21,WI,Milwaukee,,1,0,43.103591,-88.016231
milwaukee_wi_mod_0000338,2017-03-09,WI,Milwaukee,,1,0,43.018287,-88.150702
milwaukee_wi_mod_0000339,2017-06-07,WI,Milwaukee,,1,0,43.185681,-88.122067
milwaukee_wi_mod_0000340,2017-08-22,WI,Milwaukee,,1,0,42.963426,-87.973912
milwaukee_wi_mod_0000341,2017-07-17,WI,Milwaukee,,1,0,42.926208,-88.042307
milwaukee_wi_mod_0000342,2017-06-11,WI,Milwaukee,,1,0,43.144978,-87.802593
milwaukee_wi_mod_0000343,2017-10-24,WI,Milwaukee,,1,0,42.948133,-87.971760
milwaukee_wi_mod_0000344,2017-09-25,WI,Milwaukee,,1,0,43.068844,-87.882889
milwaukee_wi_mod_0000345,2017-12-06,WI,Milwaukee,,1,0,43.094146,-88.180713
milwaukee_wi_mod_0000346,2017-11-09,WI,Milwaukee,,1,0,43.022884,-88.106395
milwaukee_wi_mod_0000347,2017-01-29,WI,Milwaukee,,1,0,42.950969,-87.959481
milwaukee_wi_mod_0000348,2017-09-30,WI,Milwaukee,,1,0,43.158817,-88.171321
milwaukee_wi_mod_0000349,2017-05-01,WI,Milwaukee,,1,0,43.048395,-88.192707
milwaukee_wi_mod_0000350,2017-07-01,WI,Milwaukee,,1,0,42.972793,-88.059820
milwaukee_wi_mod_0000351,2017-05-22,WI,Milwaukee,,1,0,43.013868,-88.100109
milwaukee_wi_mod_0000352,2017-06-05,WI,Milwaukee,,1,0,43.033549,-88.162968
milwaukee_wi_mod_0000353,2017-03-13,WI,Milwaukee,,1,0,43.027621,-88.121480
milwaukee_wi_mod_0000354,2017-05-25,WI,Milwaukee,,1,0,43.068032,-88.190407
milwaukee_wi_mod_0000355,2017-12-11,WI,Milwaukee,,1,0,42.954029,-88.035275
milwaukee_wi_mod_0000356,2017-10-31,WI,Milwaukee,,1,0,43.040022,-88.177748
milwaukee_wi_mod_0000357,2017-03-26,WI,Milwaukee,,1,0,43.025449,-88.181170
milwaukee_wi_mod_0000358,2017-05-22,WI,Milwaukee,,1,0,43.106548,-88.052208
milwaukee_wi_mod_0000359,2017-02-02,WI,Milwaukee,,1,0,42.903969,-88.196016
milwaukee_wi_mod_0000360,2017-10-04,WI,Milwaukee,,1,0,42.905338,-88.079663
milwaukee_wi_mod_0000361,2017-09-14,WI,Milwaukee,,1,0,43.029036,-88.066080
milwaukee_wi_mod_0000362,2017-07-31,WI,Milwaukee,,1,0,43.126521,-87.899058
milwaukee_wi_mod_0000363,2017-01-05,WI,Milwaukee,,1,0,43.059250,-88.026084
milwaukee_wi_mod_0000364,2017-08-03,WI,Milwaukee,,1,0,43.008610,-87.909458
milwaukee_wi_mod_0000365,2017-08-22,WI,Milwaukee,,1,0,43.075497,-87.821424
milwaukee_wi_mod_0000366,2017-03-25,WI,Milwaukee,,1,0,43.167716,-87.971782
milwaukee_wi_mod_0000367,2017-01-13,WI,Milwaukee,,1,0,43.189307,-87.973915
milwaukee_wi_mod_0000368,2017-09-17,WI,Milwaukee,,1,0,43.158845,-88.177145
milwaukee_wi_mod_0000369,2017-10-02,WI,Milwaukee,,1,0,42.949096,-87.884413
milwaukee_wi_mod_0000370,2017-12-18,WI,Milwaukee,,1,0,42.933988,-88.133066
milwaukee_wi_mod_0000371,2017-12-24,WI,Milwaukee,,1,0,43.137139,-87.822920
milwaukee_wi_mod_0000372,2017-08-31,WI,Milwaukee,,1,0,43.115081,-87.836259
milwaukee_wi_mod_0000373,2017-05-05,WI,Milwaukee,,1,0,42.984965,-87.953371
milwaukee_wi_mod_0000374,2017-08-13,WI,Milwaukee,,1,0,43.014127,-87.858248
milwaukee_wi_mod_0000375,2017-04-09,WI,Milwaukee,,1,0,43.084971,-88.033319
milwaukee_wi_mod_0000376,2017-03-16,WI,Milwaukee,,1,0,43.154480,-87.902131
milwaukee_wi_mod_0000377,2017-01-03,WI,Milwaukee,,1,0,42.968452,-88.022909
milwaukee_wi_mod_0000378,2017-01-15,WI,Milwaukee,,1,0,43.189842,-87.973219
milwaukee_wi_mod_0000379,2017-09-13,WI,Milwaukee,,1,0,42.919582,-87.816945
milwaukee_wi_mod_0000380,2017-09-10,WI,Milwaukee,,1,0,43.047056,-88.052963
milwaukee_wi_mod_0000381,2017-01-08,WI,Milwaukee,,1,0,42.950473,-87.900058
milwaukee_wi_mod_0000382,2017-02-16,WI,Milwaukee,,1,0,43.035278,-88.105375
milwaukee_wi_mod_0000383,2017-10-28,WI,Milwaukee,,1,0,43.118732,-88.173402
milwaukee_wi_mod_0000384,2017-02-17,WI,Milwaukee,,1,0,43.029479,-87.951598
milwaukee_wi_mod_0000385,2017-12-05,WI,Milwaukee,,1,0,43.199724,-88.133255
milwaukee_wi_mod_0000386,2017-05-20,WI,Milwaukee,,1,0,42.900536,-88.156982
milwaukee_wi_mod_0000387,2017-03-09,WI,Milwaukee,,1,0,43.060828,-87.905175
milwaukee_wi_mod_0000388,2017-06-19,WI,Milwaukee,,1,0,43.031491,-88.025512
milwaukee_wi_mod_0000389,2017-05-24,WI,Milwaukee,,1,0,43.162319,-88.182599
milwaukee_wi_mod_0000390,2017-03-11,WI,Milwaukee,,1,0,42.947327,-87.804823
milwaukee_wi_mod_0000391,2017-12-02,WI,Milwaukee,,1,0,42.951178,-87.909880
milwaukee_wi_mod_0000392,2017-11-02,WI,Milwaukee,,1,0,43.099044,-88.019640
milwaukee_wi_mod_0000393,2017-03-10,WI,Milwaukee,,1,0,43.137868,-88.192792
milwaukee_wi_mod_0000394,2017-10-05,WI,Milwaukee,,1,0,43.091666,-88.010127
milwaukee_wi_mod_0000395,2017-12-16,WI,Milwaukee,,1,0,43.155080,-87.852176
milwaukee_wi_mod_0000396,2017-07-02,WI,Milwaukee,,1,0,43.165380,-87.976199
milwaukee_wi_mod_0000397,2017-02-14,WI,Milwaukee,,1,0,43.147633,-88.069149
milwaukee_wi_mod_0000398,2017-02-19,WI,Milwaukee,,1,0,42.944128,-88.033443
milwaukee_wi_mod_0000399,2017-11-16,WI,Milwaukee,,1,0,43.038139,-88.092492
milwaukee_wi_mod_0000400,2017-04-17,WI,Milwaukee,,1,0,43.096610,-87.837233
milwaukee_wi_mod_0000401,2017-05-26,WI,Milwaukee,,1,0,43.197924,-88.150348
milwaukee_wi_mod_0000402,2017-10-17,WI,Milwaukee,,1,0,42.923591,-87.804889
milwaukee_wi_mod_0000403,2017-01-26,WI,Milwaukee,,1,0,42.967433,-87.856135
milwaukee_wi_mod_0000404,2017-05-11,WI,Milwaukee,,1,0,42.925244,-88.103473
milwaukee_wi_mod_0000405,2017-12-24,WI,Milwaukee,,1,0,43.047411,-88.086975
milwaukee_wi_mod_0000406,2017-10-03,WI,Milwaukee,,1,0,43.069301,-88.023920
milwaukee_wi_mod_0000407,2017-05-29,WI,Milwaukee,,1,0,43.154399,-87.948124
milwaukee_wi_mod_0000408,2017-06-06,WI,Milwaukee,,1,0,42.948656,-87.996148
milwaukee_wi_mod_0000409,2017-06-08,WI,Milwaukee,,1,0,42.911964,-88.081141
milwaukee_wi_mod_0000410,2017-07-05,WI,Milwaukee,,1,0,42.977694,-88.024197
milwaukee_wi_mod_0000411,2017-02-09,WI,Milwaukee,,1,0,42.930992,-88.038815
milwaukee_wi_mod_0000412,2017-08-16,WI,Milwaukee,,1,0,43.177584,-87.954615
milwaukee_wi_mod_0000413,2017-09-11,WI,Milwaukee,,1,0,43.038035,-87.963315
milwaukee_wi_mod_0000414,2017-01-28,WI,Milwaukee,,1,0,43.145557,-87.852811
milwaukee_wi_mod_0000415,2017-08-09,WI,Milwaukee,,1,0,43.160724,-88.055183
milwaukee_wi_mod_0000416,2017-03-12,WI,Milwaukee,,1,0,43.158567,-88.191154
milwaukee_wi_mod_0000417,2017-11-16,WI,Milwaukee,,1,0,42.938336,-88.051460
milwaukee_wi_mod_0000418,2017-03-10,WI,Milwaukee,,1,0,42.974702,-87.846491
milwaukee_wi_mod_0000419,2017-04-11,WI,Milwaukee,,1,0,43.085582,-87.995228
milwaukee_wi_mod_0000420,2017-06-20,WI,Milwaukee,,1,0,43.155290,-87.855149
milwaukee_wi_mod_0000421,2017-02-16,WI,Milwaukee,,1,0,43.196398,-88.164609
milwaukee_wi_mod_0000422,2017-07-18,WI,Milwaukee,,1,0,42.926953,-88.150330
milwaukee_wi_mod_0000423,2017-08-01,WI,Milwaukee,,1,0,43.182310,-87.869284
milwaukee_wi_mod_0000424,2017-11-21,WI,Milwaukee,,1,0,43.100334,-88.145037
milwaukee_wi_mod_0000425,2017-07-26,WI,Milwaukee,,1,0,42.989216,-87.826118
milwaukee_wi_mod_0000426,2017-01-01,WI,Milwaukee,,1,0,42.921122,-88.178662
milwaukee_wi_mod_0000427,2017-09-07,WI,Milwaukee,,1,0,43.016906,-88.027663
milwaukee_wi_mod_0000428,2017-10-25,WI,Milwaukee,,1,0,42.951570,-88.180177
milwaukee_wi_mod_0000429,2017-11-21,WI,Milwaukee,,1,0,43.152543,-87.905074
milwaukee_wi_mod_0000430,2017-01-18,WI,Milwaukee,,1,0,42.972037,-88.056064
milwaukee_wi_mod_0000431,2017-09-25,WI,Milwaukee,,1,0,42.999097,-87.917259
milwaukee_wi_mod_0000432,2017-09-03,WI,Milwaukee,,1,0,42.980864,-87.884364
milwaukee_wi_mod_0000433,2017-04-19,WI,Milwaukee,,1,0,43.043045,-88.054139
milwaukee_wi_mod_0000434,2017-05-09,WI,Milwaukee,,1,0,43.054766,-88.120119
milwaukee_wi_mod_0000435,2017-07-14,WI,Milwaukee,,1,0,42.923519,-87.924045
milwaukee_wi_mod_0000436,2017-06-09,WI,Milwaukee,,1,0,43.141629,-88.058661
milwaukee_wi_mod_0000437,2017-06-05,WI,Milwaukee,,1,0,42.944696,-87.941915
milwaukee_wi_mod_0000438,2017-04-05,WI,Milwaukee,,1,0,43.034670,-88.036133
milwaukee_wi_mod_0000439,2017-08-20,WI,Milwaukee,,1,0,43.093349,-88.191004
milwaukee_wi_mod_0000440,2017-03-04,WI,Milwaukee,,1,0,43.038262,-88.178954
milwaukee_wi_mod_0000441,2018-10-30,WI,Milwaukee,,1,0,43.099494,-88.008583
milwaukee_wi_mod_0000442,2018-11-12,WI,Milwaukee,,1,0,43.008118,-87.932602
milwaukee_wi_mod_0000443,2018-03-26,WI,Milwaukee,,1,0,43.150278,-88.185491
milwaukee_wi_mod_0000444,2018-09-24,WI,Milwaukee,,1,0,43.134628,-87.946744
milwaukee_wi_mod_0000445,2018-10-01,WI,Milwaukee,,1,0,43.154161,-88.096088
milwaukee_wi_mod_0000446,2018-05-06,WI,Milwaukee,,1,0,42.993225,-88.124090
milwaukee_wi_mod_0000447,2018-09-27,WI,Milwaukee,,1,0,42.955787,-87.879769
milwaukee_wi_mod_0000448,2018-03-15,WI,Milwaukee,,1,0,43.114533,-87.938579
milwaukee_wi_mod_0000449,2018-06-07,WI,Milwaukee,,1,0,42.940573,-87.883404
milwaukee_wi_mod_0000450,2018-11-27,WI,Milwaukee,,1,0,43.188733,-88.164859
milwaukee_wi_mod_0000451,2018-02-11,WI,Milwaukee,,1,0,43.162269,-87.942009
milwaukee_wi_mod_0000452,2018-11-04,WI,Milwaukee,,1,0,42.963953,-87.951661
milwaukee_wi_mod_0000453,2018-05-22,WI,Milwaukee,,1,0,42.992596,-87.953283
milwaukee_wi_mod_0000454,2018-05-10,WI,Milwaukee,,1,0,42.974648,-88.070749
milwaukee_wi_mod_0000455,2018-05-25,WI,Milwaukee,,1,0,43.141070,-88.165326
milwaukee_wi_mod_0000456,2018-11-14,WI,Milwaukee,,1,0,43.037074,-88.149015
milwaukee_wi_mod_0000457,2018-10-13,WI,Milwaukee,,1,0,43.187677,-88.046147
milwaukee_wi_mod_0000458,2018-08-27,WI,Milwaukee,,1,0,43.173395,-88.127086
milwaukee_wi_mod_0000459,2018-03-20,WI,Milwaukee,,1,0,43.052605,-87.976965
milwaukee_wi_mod_0000460,2018-10-06,WI,Milwaukee,,1,0,42.923582,-87.996907
milwaukee_wi_mod_0000461,2018-02-25,WI,Milwaukee,,1,0,43.138768,-88.016653
milwaukee_wi_mod_0000462,2018-06-05,WI,Milwaukee,,1,0,42.982724,-87.810176
milwaukee_wi_mod_0000463,2018-05-02,WI,Milwaukee,,1,0,43.077906,-87.839321
milwaukee_wi_mod_0000464,2018-07-12,WI,Milwaukee,,1,0,42.993363,-87.814534
milwaukee_wi_mod_0000465,2018-09-09,WI,Milwaukee,,1,0,43.097407,-87.931490
milwaukee_wi_mod_0000466,2018-01-02,WI,Milwaukee,,1,0,43.110021,-88.111200
milwaukee_wi_mod_0000467,2018-04-29,WI,Milwaukee,,1,0,43.144153,-88.053848
milwaukee_wi_mod_0000468,2018-05-10,WI,Milwaukee,,1,0,43.000906,-88.102357
milwaukee_wi_mod_0000469,2018-01-01,WI,Milwaukee,,1,0,43.077973,-87.931932
milwaukee_wi_mod_0000470,2018-10-21,WI,Milwaukee,,1,0,42.972869,-88.142755
milwaukee_wi_mod_0000471,2018-10-18,WI,Milwaukee,,1,0,42.950966,-88.094427
milwaukee_wi_mod_0000472,2018-12-09,WI,Milwaukee,,1,0,43.070714,-87.960264
milwaukee_wi_mod_0000473,2018-12-02,WI,Milwaukee,,1,0,43.034377,-88.127627
milwaukee_wi_mod_0000474,2018-10-18,WI,Milwaukee,,1,0,43.067698,-88.104845
milwaukee_wi_mod_0000475,2018-09-08,WI,Milwaukee,,1,0,43.107674,-87.858624
milwaukee_wi_mod_0000476,2018-07-14,WI,Milwaukee,,1,0,43.030411,-88.018664
milwaukee_wi_mod_0000477,2018-01-18,WI,Milwaukee,,1,0,43.002579,-88.115398
milwaukee_wi_mod_0000478,2018-04-21,WI,Milwaukee,,1,0,43.057000,-88.146101
milwaukee_wi_mod_0000479,2018-12-05,WI,Milwaukee,,1,0,43.109604,-87.840000
milwaukee_wi_mod_0000480,2018-09-15,WI,Milwaukee,,1,0,42.912062,-87.850173
milwaukee_wi_mod_0000481,2018-04-04,WI,Milwaukee,,1,0,43.037305,-88.103257
milwaukee_wi_mod_0000482,2018-10-26,WI,Milwaukee,,1,0,43.198106,-87.890208
milwaukee_wi_mod_0000483,2018-07-27,WI,Milwaukee,,1,0,42.928813,-87.994106
milwaukee_wi_mod_0000484,2018-08-25,WI,Milwaukee,,1,0,43.082300,-87.995325
milwaukee_wi_mod_0000485,2018-12-27,WI,Milwaukee,,1,0,43.197281,-88.114973
milwaukee_wi_mod_0000486,2018-06-04,WI,Milwaukee,,1,0,42.998416,-88.128744
milwaukee_wi_mod_0000487,2018-09-09,WI,Milwaukee,,1,0,42.936014,-88.040234
milwaukee_wi_mod_0000488,2018-07-09,WI,Milwaukee,,1,0,42.978536,-88.116167
milwaukee_wi_mod_0000489,2018-11-13,WI,Milwaukee,,1,0,43.165098,-87.956200
milwaukee_wi_mod_0000490,2018-05-16,WI,Milwaukee,,1,0,43.165034,-88.165086
milwaukee_wi_mod_0000491,2018-08-15,WI,Milwaukee,,1,0,43.145711,-88.186567
milwaukee_wi_mod_0000492,2018-03-08,WI,Milwaukee,,1,0,43.069449,-87.864393
milwaukee_wi_mod_0000493,2018-06-07,WI,Milwaukee,,1,0,43.013173,-87.917537
milwaukee_wi_mod_0000494,2018-03-04,WI,Milwaukee,,1,0,43.011665,-88.000560
milwaukee_wi_mod_0000495,2018-01-28,WI,Milwaukee,,1,0,43.014284,-88.075661
milwaukee_wi_mod_0000496,2018-09-15,WI,Milwaukee,,1,0,43.040637,-88.094822
milwaukee_wi_mod_0000497,2018-08-23,WI,Milwaukee,,1,0,43.034544,-88.121646
milwaukee_wi_mod_0000498,2018-04-24,WI,Milwaukee,,1,0,42.912240,-88.053712
milwaukee_wi_mod_0000499,2018-11-29,WI,Milwaukee,,1,0,43.073956,-88.192242
milwaukee_wi_mod_0000500,2018-04-08,WI,Milwaukee,,1,0,43.015505,-88.199639
milwaukee_wi_mod_0000501,2018-05-16,WI,Milwaukee,,1,0,43.181616,-88.071418
milwaukee_wi_mod_0000502,2018-04-28,WI,Milwaukee,,1,0,43.162855,-87.875175
milwaukee_wi_mod_0000503,2018-01-13,WI,Milwaukee,,1,0,43.047784,-87.976712
milwaukee_wi_mod_0000504,2018-10-09,WI,Milwaukee,,1,0,43.075787,-88.074841
milwaukee_wi_mod_0000505,2018-12-12,WI,Milwaukee,,1,0,43.028104,-88.005336
milwaukee_wi_mod_0000506,2018-01-06,WI,Milwaukee,,1,0,43.177495,-88.061123
milwaukee_wi_mod_0000507,2018-10-26,WI,Milwaukee,,1,0,43.087308,-87.947571
milwaukee_wi_mod_0000508,2018-11-13,WI,Milwaukee,,1,0,42.951548,-87.812007
milwaukee_wi_mod_0000509,2018-08-30,WI,Milwaukee,,1,0,43.043463,-88.015853
milwaukee_wi_mod_0000510,2018-10-16,WI,Milwaukee,,1,0,43.090663,-88.079290
milwaukee_wi_mod_0000511,2018-06-01,WI,Milwaukee,,1,0,43.011034,-88.171370
milwaukee_wi_mod_0000512,2018-09-07,WI,Milwaukee,,1,0,43.080600,-87.993071
milwaukee_wi_mod_0000513,2018-09-10,WI,Milwaukee,,1,0,43.189351,-87.928628
milwaukee_wi_mod_0000514,2018-06-18,WI,Milwaukee,,1,0,42.910905,-87.983763
milwaukee_wi_mod_0000515,2018-05-19,WI,Milwaukee,,1,0,43.056393,-88.013620
milwaukee_wi_mod_0000516,2018-12-21,WI,Milwaukee,,1,0,43.123025,-87.899872
milwaukee_wi_mod_0000517,2018-11-04,WI,Milwaukee,,1,0,43.095795,-88.107290
milwaukee_wi_mod_0000518,2018-11-23,WI,Milwaukee,,1,0,43.064987,-88.082544
milwaukee_wi_mod_0000519,2018-11-06,WI,Milwaukee,,1,0,42.944176,-87.806405
milwaukee_wi_mod_0000520,2018-12-30,WI,Milwaukee,,1,0,42.977199,-87.944409
milwaukee_wi_mod_0000521,2018-09-20,WI,Milwaukee,,1,0,42.986642,-87.852366
milwaukee_wi_mod_0000522,2018-02-10,WI,Milwaukee,,1,0,42.951707,-88.028831
milwaukee_wi_mod_0000523,2018-03-15,WI,Milwaukee,,1,0,43.078760,-87.883599
milwaukee_wi_mod_0000524,2018-03-20,WI,Milwaukee,,1,0,43.124953,-87.895739
milwaukee_wi_mod_0000525,2018-06-25,WI,Milwaukee,,1,0,43.163686,-88.043940
milwaukee_wi_mod_0000526,2018-12-29,WI,Milwaukee,,1,0,42.979592,-88.145056
milwaukee_wi_mod_0000527,2018-07-14,WI,Milwaukee,,1,0,42.928784,-88.074941
milwaukee_wi_mod_0000528,2018-02-25,WI,Milwaukee,,1,0,43.129586,-87.942953
milwaukee_wi_mod_0000529,2018-11-07,WI,Milwaukee,,1,0,43.031877,-88.121359
milwaukee_wi_mod_0000530,2018-02-16,WI,Milwaukee,,1,0,43.068663,-88.023572
milwaukee_wi_mod_0000531,2018-07-13,WI,Milwaukee,,1,0,42.998365,-87.950029
milwaukee_wi_mod_0000532,2018-08-28,WI,Milwaukee,,1,0,43.038605,-87.903176
milwaukee_wi_mod_0000533,2018-02-05,WI,Milwaukee,,1,0,43.087677,-88.038920
milwaukee_wi_mod_0000534,2018-06-03,WI,Milwaukee,,1,0,42.930509,-88.060527
milwaukee_wi_mod_0000535,2018-11-11,WI,Milwaukee,,1,0,43.054597,-87.893653
milwaukee_wi_mod_0000536,2018-08-04,WI,Milwaukee,,1,0,42.943544,-87.918428
milwaukee_wi_mod_0000537,2018-04-07,WI,Milwaukee,,1,0,43.198401,-88.099614
milwaukee_wi_mod_0000538,2018-07-28,WI,Milwaukee,,1,0,43.062869,-87.931453
milwaukee_wi_mod_0000539,2018-09-13,WI,Milwaukee,,1,0,42.999024,-88.192953
milwaukee_wi_mod_0000540,2018-01-07,WI,Milwaukee,,1,0,42.934624,-87.908271
milwaukee_wi_mod_0000541,2018-09-09,WI,Milwaukee,,1,0,43.131257,-87.870742
milwaukee_wi_mod_0000542,2018-06-07,WI,Milwaukee,,1,0,42.997787,-87.896523
milwaukee_wi_mod_0000543,2018-02-17,WI,Milwaukee,,1,0,42.929259,-88.102931
milwaukee_wi_mod_0000544,2018-06-05,WI,Milwaukee,,1,0,42.989447,-88.163436
milwaukee_wi_mod_0000545,2018-01-06,WI,Milwaukee,,1,0,42.907250,-88.024541
milwaukee_wi_mod_0000546,2018-04-12,WI,Milwaukee,,1,0,43.194454,-88.014863
milwaukee_wi_mod_0000547,2018-08-12,WI,Milwaukee,,1,0,43.122647,-87.931100
milwaukee_wi_mod_0000548,2018-11-03,WI,Milwaukee,,1,0,43.197184,-87.903485
milwaukee_wi_mod_0000549,2018-01-27,WI,Milwaukee,,1,0,43.110378,-88.022968
milwaukee_wi_mod_0000550,2018-09-09,WI,Milwaukee,,1,0,43.109912,-88.155998
milwaukee_wi_mod_0000551,2019-09-09,WI,Milwaukee,,1,0,43.029662,-87.861027
milwaukee_wi_mod_0000552,2019-06-24,WI,Milwaukee,,1,0,42.954162,-87.861754
milwaukee_wi_mod_0000553,2019-04-23,WI,Milwaukee,,1,0,42.952001,-87.818114
milwaukee_wi_mod_0000554,2019-11-24,WI,Milwaukee,,1,0,42.965113,-88.036074
milwaukee_wi_mod_0000555,2019-07-10,WI,Milwaukee,,1,0,43.031332,-87.946488
milwaukee_wi_mod_0000556,2019-02-06,WI,Milwaukee,,1,0,43.082588,-87.892112
milwaukee_wi_mod_0000557,2019-02-19,WI,Milwaukee,,1,0,43.141871,-88.197217
milwaukee_wi_mod_0000558,2019-08-16,WI,Milwaukee,,1,0,43.112663,-87.854257
milwaukee_wi_mod_0000559,2019-01-21,WI,Milwaukee,,1,0,43.185289,-88.155590
milwaukee_wi_mod_0000560,2019-12-17,WI,Milwaukee,,1,0,42.955943,-87.918319
milwaukee_wi_mod_0000561,2019-07-11,WI,Milwaukee,,1,0,42.945471,-88.149716
milwaukee_wi_mod_0000562,2019-06-21,WI,Milwaukee,,1,0,43.024005,-87.889217
milwaukee_wi_mod_0000563,2019-10-07,WI,Milwaukee,,1,0,43.029510,-88.154280
milwaukee_wi_mod_0000564,2019-01-24,WI,Milwaukee,,1,0,42.915216,-87.807068
milwaukee_wi_mod_0000565,2019-05-10,WI,Milwaukee,,1,0,43.198147,-87.946287
milwaukee_wi_mod_0000566,2019-10-15,WI,Milwaukee,,1,0,43.129338,-88.084999
milwaukee_wi_mod_0000567,2019-08-25,WI,Milwaukee,,1,0,42.995752,-88.032888
milwaukee_wi_mod_0000568,2019-09-16,WI,Milwaukee,,1,0,43.069285,-87.845346
milwaukee_wi_mod_0000569,2019-02-01,WI,Milwaukee,,1,0,43.106899,-88.149792
milwaukee_wi_mod_0000570,2019-07-30,WI,Milwaukee,,1,0,43.101114,-88.148682
milwaukee_wi_mod_0000571,2019-12-17,WI,Milwaukee,,1,0,42.978109,-87.842692
milwaukee_wi_mod_0000572,2019-05-31,WI,Milwaukee,,1,0,42.991025,-88.078498
milwaukee_wi_mod_0000573,2019-12-13,WI,Milwaukee,,1,0,42.991007,-87.830636
milwaukee_wi_mod_0000574,2019-10-18,WI,Milwaukee,,1,0,43.156027,-87.898370
milwaukee_wi_mod_0000575,2019-06-07,WI,Milwaukee,,1,0,42.935045,-87.959987
milwaukee_wi_mod_0000576,2019-11-08,WI,Milwaukee,,1,0,43.056953,-87.922241
milwaukee_wi_mod_0000577,2019-10-20,WI,Milwaukee,,1,0,43.001930,-88.058217
milwaukee_wi_mod_0000578,2019-07-17,WI,Milwaukee,,1,0,43.033528,-87.911323
milwaukee_wi_mod_0000579,2019-08-03,WI,Milwaukee,,1,0,43.115799,-87.814057
milwaukee_wi_mod_0000580,2019-10-20,WI,Milwaukee,,1,0,43.059913,-88.076867
milwaukee_wi_mod_0000581,2019-04-11,WI,Milwaukee,,1,0,43.117828,-87.807816
milwaukee_wi_mod_0000582,2019-05-02,WI,Milwaukee,,1,0,42.916804,-88.165374
milwaukee_wi_mod_0000583,2019-08-08,WI,Milwaukee,,1,0,43.066220,-88.184482
milwaukee_wi_mod_0000584,2019-04-14,WI,Milwaukee,,1,0,43.134462,-88.074806
milwaukee_wi_mod_0000585,2019-08-24,WI,Milwaukee,,1,0,43.097289,-88.133018
milwaukee_wi_mod_0000586,2019-12-24,WI,Milwaukee,,1,0,42.982315,-88.089587
milwaukee_wi_mod_0000587,2019-10-25,WI,Milwaukee,,1,0,42.989927,-88.107286
milwaukee_wi_mod_0000588,2019-10-30,WI,Milwaukee,,1,0,43.188412,-87.905347
milwaukee_wi_mod_0000589,2019-12-01,WI,Milwaukee,,1,0,43.148390,-88.030438
milwaukee_wi_mod_0000590,2019-03-07,WI,Milwaukee,,1,0,43.101026,-87.867462
milwaukee_wi_mod_0000591,2019-04-19,WI,Milwaukee,,1,0,43.077334,-88.001963
milwaukee_wi_mod_0000592,2019-12-29,WI,Milwaukee,,1,0,43.150383,-87.846169
milwaukee_wi_mod_0000593,2019-02-18,WI,Milwaukee,,1,0,43.101750,-87.813760
milwaukee_wi_mod_0000594,2019-07-14,WI,Milwaukee,,1,0,43.193691,-87.971813
milwaukee_wi_mod_0000595,2019-02-25,WI,Milwaukee,,1,0,43.092299,-87.941068
milwaukee_wi_mod_0000596,2019-04-26,WI,Milwaukee,,1,0,43.062085,-88.067414
milwaukee_wi_mod_0000597,2019-10-11,WI,Milwaukee,,1,0,43.026815,-88.082068
milwaukee_wi_mod_0000598,2019-09-07,WI,Milwaukee,,1,0,43.123586,-87.919346
milwaukee_wi_mod_0000599,2019-11-03,WI,Milwaukee,,1,0,43.050729,-88.022678
milwaukee_wi_mod_0000600,2019-05-21,WI,Milwaukee,,1,0,43.146410,-88.136356
milwaukee_wi_mod_0000601,2019-03-08,WI,Milwaukee,,1,0,43.095392,-88.086872
milwaukee_wi_mod_0000602,2019-08-12,WI,Milwaukee,,1,0,43.179326,-88.179359
milwaukee_wi_mod_0000603,2019-03-11,WI,Milwaukee,,1,0,43.101061,-88.186863
milwaukee_wi_mod_0000604,2019-03-25,WI,Milwaukee,,1,0,42.988411,-88.104356
milwaukee_wi_mod_0000605,2019-01-18,WI,Milwaukee,,1,0,43.195870,-88.083453
milwaukee_wi_mod_0000606,2019-12-15,WI,Milwaukee,,1,0,43.079370,-87.874575
milwaukee_wi_mod_0000607,2019-02-25,WI,Milwaukee,,1,0,43.105258,-87.868513
milwaukee_wi_mod_0000608,2019-05-26,WI,Milwaukee,,1,0,43.090816,-88.103239
milwaukee_wi_mod_0000609,2019-06-27,WI,Milwaukee,,1,0,42.910735,-87.822422
milwaukee_wi_mod_0000610,2019-05-02,WI,Milwaukee,,1,0,43.146930,-88.090161
milwaukee_wi_mod_0000611,2019-12-09,WI,Milwaukee,,1,0,42.944706,-88.034801
milwaukee_wi_mod_0000612,2019-01-20,WI,Milwaukee,,1,0,43.164927,-87.989788
milwaukee_wi_mod_0000613,2019-11-12,WI,Milwaukee,,1,0,43.015762,-88.081162
milwaukee_wi_mod_0000614,2019-03-04,WI,Milwaukee,,1,0,43.084979,-88.018284
milwaukee_wi_mod_0000615,2019-11-21,WI,Milwaukee,,1,0,42.941633,-87.819434
milwaukee_wi_mod_0000616,2019-05-24,WI,Milwaukee,,1,0,43.110381,-88.018338
milwaukee_wi_mod_0000617,2019-09-05,WI,Milwaukee,,1,0,43.013841,-88.032043
milwaukee_wi_mod_0000618,2019-04-10,WI,Milwaukee,,1,0,42.915005,-87.975906
milwaukee_wi_mod_0000619,2019-08-04,WI,Milwaukee,,1,0,43.145578,-88.181576
milwaukee_wi_mod_0000620,2019-01-03,WI,Milwaukee,,1,0,43.040714,-88.160865
milwaukee_wi_mod_0000621,2019-02-10,WI,Milwaukee,,1,0,43.195996,-88.178133
milwaukee_wi_mod_0000622,2019-11-24,WI,Milwaukee,,1,0,43.111588,-87.908224
milwaukee_wi_mod_0000623,2019-01-28,WI,Milwaukee,,1,0,42.940677,-87.837010
milwaukee_wi_mod_0000624,2019-03-14,WI,Milwaukee,,1,0,43.098729,-88.160642
milwaukee_wi_mod_0000625,2019-04-20,WI,Milwaukee,,1,0,43.075338,-88.087900
milwaukee_wi_mod_0000626,2019-04-02,WI,Milwaukee,,1,0,42.976100,-87.870908
milwaukee_wi_mod_0000627,2019-12-24,WI,Milwaukee,,1,0,42.987119,-88.010004
milwaukee_wi_mod_0000628,2019-01-08,WI,Milwaukee,,1,0,43.193305,-87.825877
milwaukee_wi_mod_0000629,2019-08-12,WI,Milwaukee,,1,0,43.030054,-87.803729
milwaukee_wi_mod_0000630,2019-03-12,WI,Milwaukee,,1,0,43.045993,-88.090349
milwaukee_wi_mod_0000631,2019-11-21,WI,Milwaukee,,1,0,42.973214,-88.120197
milwaukee_wi_mod_0000632,2019-12-07,WI,Milwaukee,,1,0,42.984573,-88.150803
milwaukee_wi_mod_0000633,2019-11-27,WI,Milwaukee,,1,0,43.028295,-87.924108
milwaukee_wi_mod_0000634,2019-12-30,WI,Milwaukee,,1,0,43.073545,-88.152714
milwaukee_wi_mod_0000635,2019-03-24,WI,Milwaukee,,1,0,42.979196,-87.959983
milwaukee_wi_mod_0000636,2019-07-15,WI,Milwaukee,,1,0,43.198311,-87.891344
milwaukee_wi_mod_0000637,2019-09-15,WI,Milwaukee,,1,0,43.195192,-88.009087
milwaukee_wi_mod_0000638,2019-08-24,WI,Milwaukee,,1,0,42.947690,-87.910636
milwaukee_wi_mod_0000639,2019-10-22,WI,Milwaukee,,1,0,43.133752,-87.881232
milwaukee_wi_mod_0000640,2019-03-16,WI,Milwaukee,,1,0,43.142534,-88.035705
milwaukee_wi_mod_0000641,2019-09-07,WI,Milwaukee,,1,0,43.087800,-87.840639
milwaukee_wi_mod_0000642,2019-07-21,WI,Milwaukee,,1,0,42.953650,-87.866759
milwaukee_wi_mod_0000643,2019-04-27,WI,Milwaukee,,1,0,43.051413,-87.931588
milwaukee_wi_mod_0000644,2019-12-29,WI,Milwaukee,,1,0,42.986931,-88.090522
milwaukee_wi_mod_0000645,2019-10-27,WI,Milwaukee,,1,0,43.087064,-88.193922
milwaukee_wi_mod_0000646,2019-03-07,WI,Milwaukee,,1,0,42.994087,-87.804822
milwaukee_wi_mod_0000647,2019-01-25,WI,Milwaukee,,1,0,43.153067,-88.156075
milwaukee_wi_mod_0000648,2019-05-27,WI,Milwaukee,,1,0,42.915812,-87.942877
milwaukee_wi_mod_0000649,2019-03-18,WI,Milwaukee,,1,0,43.118015,-88.193893
milwaukee_wi_mod_0000650,2019-09-18,WI,Milwaukee,,1,0,42.933250,-87.809924
milwaukee_wi_mod_0000651,2019-04-10,WI,Milwaukee,,1,0,43.103211,-87.801044
milwaukee_wi_mod_0000652,2019-08-22,WI,Milwaukee,,1,0,43.147124,-87.864050
milwaukee_wi_mod_0000653,2019-05-16,WI,Milwaukee,,1,0,42.992287,-88.188209
milwaukee_wi_mod_0000654,2019-05-19,WI,Milwaukee,,1,0,42.949827,-88.125668
milwaukee_wi_mod_0000655,2019-10-03,WI,Milwaukee,,1,0,43.093969,-88.135834
milwaukee_wi_mod_0000656,2019-01-13,WI,Milwaukee,,1,0,43.170340,-88.016030
milwaukee_wi_mod_0000657,2019-05-28,WI,Milwaukee,,1,0,43.026229,-87.835474
milwaukee_wi_mod_0000658,2019-03-05,WI,Milwaukee,,1,0,43.118421,-87.972271
milwaukee_wi_mod_0000659,2019-09-13,WI,Milwaukee,,1,0,42.935316,-87.891582
milwaukee_wi_mod_0000660,2019-01-23,WI,Milwaukee,,1,0,43.030555,-88.102933
milwaukee_wi_mod_0000661,2020-05-21,WI,Milwaukee,,1,0,42.937617,-87.959413
milwaukee_wi_mod_0000662,2020-12-09,WI,Milwaukee,,1,0,43.141636,-87.824691
milwaukee_wi_mod_0000663,2020-09-04,WI,Milwaukee,,1,0,43.043983,-88.081462
milwaukee_wi_mod_0000664,2020-01-19,WI,Milwaukee,,1,0,43.084975,-87.907953
milwaukee_wi_mod_0000665,2020-09-17,WI,Milwaukee,,1,0,42.971904,-87.987893
milwaukee_wi_mod_0000666,2020-02-04,WI,Milwaukee,,1,0,43.145684,-87.861174
milwaukee_wi_mod_0000667,2020-07-22,WI,Milwaukee,,1,0,43.088045,-87.853202
milwaukee_wi_mod_0000668,2020-02-03,WI,Milwaukee,,1,0,43.045897,-87.828135
milwaukee_wi_mod_0000669,2020-12-03,WI,Milwaukee,,1,0,42.929808,-87.826727
milwaukee_wi_mod_0000670,2020-03-19,WI,Milwaukee,,1,0,43.019930,-87.843844
milwaukee_wi_mod_0000671,2020-11-07,WI,Milwaukee,,1,0,42.979606,-87.986530
milwaukee_wi_mod_0000672,2020-01-19,WI,Milwaukee,,1,0,43.068920,-88.126433
milwaukee_wi_mod_0000673,2020-08-31,WI,Milwaukee,,1,0,43.065522,-87.942350
milwaukee_wi_mod_0000674,2020-10-22,WI,Milwaukee,,1,0,43.142469,-87.991050
milwaukee_wi_mod_0000675,2020-07-01,WI,Milwaukee,,1,0,43.195498,-87.854765
milwaukee_wi_mod_0000676,2020-04-29,WI,Milwaukee,,1,0,43.013408,-87.918799
milwaukee_wi_mod_0000677,2020-09-16,WI,Milwaukee,,1,0,43.036684,-87.943063
milwaukee_wi_mod_0000678,2020-06-07,WI,Milwaukee,,1,0,43.031520,-88.039519
milwaukee_wi_mod_0000679,2020-05-09,WI,Milwaukee,,1,0,43.030583,-88.153074
milwaukee_wi_mod_0000680,2020-09-07,WI,Milwaukee,,1,0,42.978097,-88.136212
milwaukee_wi_mod_0000681,2020-12-06,WI,Milwaukee,,1,0,43.014493,-88.150458
milwaukee_wi_mod_0000682,2020-11-13,WI,Milwaukee,,1,0,43.117354,-88.104542
milwaukee_wi_mod_0000683,2020-02-13,WI,Milwaukee,,1,0,43.134681,-88.170015
milwaukee_wi_mod_0000684,2020-05-10,WI,Milwaukee,,1,0,43.123435,-88.090053
milwaukee_wi_mod_0000685,2020-10-02,WI,Milwaukee,,1,0,42.967316,-87.940378
milwaukee_wi_mod_0000686,2020-11-14,WI,Milwaukee,,1,0,42.930912,-87.994039
milwaukee_wi_mod_0000687,2020-02-20,WI,Milwaukee,,1,0,43.146778,-88.096227
milwaukee_wi_mod_0000688,2020-03-19,WI,Milwaukee,,1,0,42.911068,-88.001347
milwaukee_wi_mod_0000689,2020-02-03,WI,Milwaukee,,1,0,43.198885,-87.882339
milwaukee_wi_mod_0000690,2020-06-26,WI,Milwaukee,,1,0,42.914461,-88.183749
milwaukee_wi_mod_0000691,2020-10-03,WI,Milwaukee,,1,0,42.921105,-87.893416
milwaukee_wi_mod_0000692,2020-11-15,WI,Milwaukee,,1,0,43.198144,-88.069037
milwaukee_wi_mod_0000693,2020-10-26,WI,Milwaukee,,1,0,43.189796,-87.888202
milwaukee_wi_mod_0000694,2020-06-21,WI,Milwaukee,,1,0,43.036357,-87.899281
milwaukee_wi_mod_0000695,2020-05-01,WI,Milwaukee,,1,0,42.993624,-87.922655
milwaukee_wi_mod_0000696,2020-06-16,WI,Milwaukee,,1,0,43.102576,-87.877651
milwaukee_wi_mod_0000697,2020-10-20,WI,Milwaukee,,1,0,43.180395,-88.015774
milwaukee_wi_mod_0000698,2020-04-25,WI,Milwaukee,,1,0,42.980960,-87.937104
milwaukee_wi_mod_0000699,2020-04-30,WI,Milwaukee,,1,0,42.985638,-87.885274
milwaukee_wi_mod_0000700,2020-09-12,WI,Milwaukee,,1,0,42.909713,-88.138237
milwaukee_wi_mod_0000701,2020-10-29,WI,Milwaukee,,1,0,42.967990,-88.168342
milwaukee_wi_mod_0000702,2020-01-20,WI,Milwaukee,,1,0,43.037560,-87.808847
milwaukee_wi_mod_0000703,2020-12-06,WI,Milwaukee,,1,0,42.905340,-88.025542
milwaukee_wi_mod_0000704,2020-06-20,WI,Milwaukee,,1,0,43.010810,-88.166768
milwaukee_wi_mod_0000705,2020-09-24,WI,Milwaukee,,1,0,43.082272,-88.173671
milwaukee_wi_mod_0000706,2020-05-24,WI,Milwaukee,,1,0,43.158102,-87.864244
milwaukee_wi_mod_0000707,2020-09-22,WI,Milwaukee,,1,0,42.992021,-88.043716
milwaukee_wi_mod_0000708,2020-04-12,WI,Milwaukee,,1,0,42.933133,-87.871092
milwaukee_wi_mod_0000709,2020-01-20,WI,Milwaukee,,1,0,42.994544,-88.009452
milwaukee_wi_mod_0000710,2020-05-28,WI,Milwaukee,,1,0,42.993697,-87.829909
milwaukee_wi_mod_0000711,2020-01-29,WI,Milwaukee,,1,0,43.150301,-88.018786
milwaukee_wi_mod_0000712,2020-02-10,WI,Milwaukee,,1,0,42.926462,-88.003571
milwaukee_wi_mod_0000713,2020-01-08,WI,Milwaukee,,1,0,43.157158,-88.150459
milwaukee_wi_mod_0000714,2020-10-26,WI,Milwaukee,,1,0,42.928789,-88.046679
milwaukee_wi_mod_0000715,2020-07-06,WI,Milwaukee,,1,0,43.047950,-87.820751
milwaukee_wi_mod_0000716,2020-11-07,WI,Milwaukee,,1,0,43.092548,-87.838816
milwaukee_wi_mod_0000717,2020-03-13,WI,Milwaukee,,1,0,43.063649,-88.169725
milwaukee_wi_mod_0000718,2020-09-21,WI,Milwaukee,,1,0,43.061037,-87.890417
milwaukee_wi_mod_0000719,2020-08-02,WI,Milwaukee,,1,0,43.094301,-87.955536
milwaukee_wi_mod_0000720,2020-12-24,WI,Milwaukee,,1,0,43.158795,-87.887727
milwaukee_wi_mod_0000721,2020-06-18,WI,Milwaukee,,1,0,42.936184,-87.994123
milwaukee_wi_mod_0000722,2020-04-24,WI,Milwaukee,,1,0,43.178134,-88.179253
milwaukee_wi_mod_0000723,2020-08-12,WI,Milwaukee,,1,0,43.148955,-87.942858
milwaukee_wi_mod_0000724,2020-09-30,WI,Milwaukee,,1,0,43.037960,-87.819248
milwaukee_wi_mod_0000725,2020-09-29,WI,Milwaukee,,1,0,42.920886,-88.152145
milwaukee_wi_mod_0000726,2020-05-29,WI,Milwaukee,,1,0,43.071132,-88.069526
milwaukee_wi_mod_0000727,2020-04-27,WI,Milwaukee,,1,0,42.990075,-88.106816
milwaukee_wi_mod_0000728,2020-12-11,WI,Milwaukee,,1,0,43.156661,-87.934575
milwaukee_wi_mod_0000729,2020-10-16,WI,Milwaukee,,1,0,43.152281,-88.141814
milwaukee_wi_mod_0000730,2020-04-02,WI,Milwaukee,,1,0,43.175717,-87.867900
milwaukee_wi_mod_0000731,2020-10-25,WI,Milwaukee,,1,0,43.004347,-87.939552
milwaukee_wi_mod_0000732,2020-03-17,WI,Milwaukee,,1,0,43.058127,-88.171436
milwaukee_wi_mod_0000733,2020-08-09,WI,Milwaukee,,1,0,43.195220,-87.929099
milwaukee_wi_mod_0000734,2020-11-26,WI,Milwaukee,,1,0,43.091247,-88.042784
milwaukee_wi_mod_0000735,2020-04-08,WI,Milwaukee,,1,0,42.917092,-88.096732
milwaukee_wi_mod_0000736,2020-10-04,WI,Milwaukee,,1,0,42.960764,-88.113055
milwaukee_wi_mod_0000737,2020-10-14,WI,Milwaukee,,1,0,43.052174,-87.903895
milwaukee_wi_mod_0000738,2020-11-15,WI,Milwaukee,,1,0,42.987921,-88.106186
milwaukee_wi_mod_0000739,2020-01-09,WI,Milwaukee,,1,0,43.121274,-87.951743
milwaukee_wi_mod_0000740,2020-06-28,WI,Milwaukee,,1,0,43.158092,-87.878065
milwaukee_wi_mod_0000741,2020-09-10,WI,Milwaukee,,1,0,42.968642,-87.876614
milwaukee_wi_mod_0000742,2020-12-01,WI,Milwaukee,,1,0,43.036328,-88.020193
milwaukee_wi_mod_0000743,2020-09-12,WI,Milwaukee,,1,0,43.053843,-87.876102
milwaukee_wi_mod_0000744,2020-10-22,WI,Milwaukee,,1,0,43.198476,-88.078596
milwaukee_wi_mod_0000745,2020-02-08,WI,Milwaukee,,1,0,42.997574,-87.852593
milwaukee_wi_mod_0000746,2020-10-05,WI,Milwaukee,,1,0,42.903423,-87.930590
milwaukee_wi_mod_0000747,2020-12-17,WI,Milwaukee,,1,0,43.117820,-87.894405
milwaukee_wi_mod_0000748,2020-09-12,WI,Milwaukee,,1,0,43.057954,-87.967917
milwaukee_wi_mod_0000749,2020-06-18,WI,Milwaukee,,1,0,43.077507,-87.849642
milwaukee_wi_mod_0000750,2020-08-29,WI,Milwaukee,,1,0,42.946424,-87.921387
milwaukee_wi_mod_0000751,2020-10-06,WI,Milwaukee,,1,0,42.981523,-87.901176
milwaukee_wi_mod_0000752,2020-10-01,WI,Milwaukee,,1,0,43.198816,-88.153055
milwaukee_wi_mod_0000753,2020-04-19,WI,Milwaukee,,1,0,42.908310,-87.943918
milwaukee_wi_mod_0000754,2020-03-08,WI,Milwaukee,,1,0,43.140184,-87.887162
milwaukee_wi_mod_0000755,2020-05-31,WI,Milwaukee,,1,0,43.082917,-87.805510
milwaukee_wi_mod_0000756,2020-08-29,WI,Milwaukee,,1,0,43.016494,-88.117968
milwaukee_wi_mod_0000757,2020-07-31,WI,Milwaukee,,1,0,43.101971,-88.009747
milwaukee_wi_mod_0000758,2020-07-09,WI,Milwaukee,,1,0,43.167067,-87.884839
milwaukee_wi_mod_0000759,2020-04-17,WI,Milwaukee,,1,0,43.122646,-88.128545
milwaukee_wi_mod_0000760,2020-05-30,WI,Milwaukee,,1,0,42.936533,-88.147025
milwaukee_wi_mod_0000761,2020-04-07,WI,Milwaukee,,1,0,42.925891,-87.804330
milwaukee_wi_mod_0000762,2020-08-22,WI,Milwaukee,,1,0,43.041272,-88.189180
milwaukee_wi_mod_0000763,2020-08-24,WI,Milwaukee,,1,0,43.188256,-87.882605
milwaukee_wi_mod_0000764,2020-08-15,WI,Milwaukee,,1,0,43.062619,-88.076293
milwaukee_wi_mod_0000765,2020-06-24,WI,Milwaukee,,1,0,42.943765,-87.945422
milwaukee_wi_mod_0000766,2020-09-15,WI,Milwaukee,,1,0,43.112100,-87.929725
milwaukee_wi_mod_0000767,2020-11-26,WI,Milwaukee,,1,0,43.137308,-88.147956
milwaukee_wi_mod_0000768,2020-12-23,WI,Milwaukee,,1,0,43.112995,-87.935309
milwaukee_wi_mod_0000769,2020-10-24,WI,Milwaukee,,1,0,43.016685,-87.911335
milwaukee_wi_mod_0000770,2020-10-10,WI,Milwaukee,,1,0,42.909857,-88.110106
milwaukee_wi_mod_0000771,2021-02-13,WI,Milwaukee,,1,0,42.984210,-88.053971
milwaukee_wi_mod_0000772,2021-01-13,WI,Milwaukee,,1,0,43.086364,-88.116828
milwaukee_wi_mod_0000773,2021-04-20,WI,Milwaukee,,1,0,43.175010,-87.989402
milwaukee_wi_mod_0000774,2021-09-25,WI,Milwaukee,,1,0,43.127126,-87.874827
milwaukee_wi_mod_0000775,2021-12-14,WI,Milwaukee,,1,0,43.157857,-88.176815
milwaukee_wi_mod_0000776,2021-12-25,WI,Milwaukee,,1,0,43.031580,-87.801305
milwaukee_wi_mod_0000777,2021-07-11,WI,Milwaukee,,1,0,43.006317,-87.983458
milwaukee_wi_mod_0000778,2021-12-23,WI,Milwaukee,,1,0,43.154281,-87.811933
milwaukee_wi_mod_0000779,2021-09-26,WI,Milwaukee,,1,0,43.071609,-87.935414
milwaukee_wi_mod_0000780,2021-08-09,WI,Milwaukee,,1,0,43.110369,-87.804135
milwaukee_wi_mod_0000781,2021-07-25,WI,Milwaukee,,1,0,43.153949,-87.812939
milwaukee_wi_mod_0000782,2021-05-23,WI,Milwaukee,,1,0,43.174883,-87.801436
milwaukee_wi_mod_0000783,2021-04-17,WI,Milwaukee,,1,0,42.974190,-88.059625
milwaukee_wi_mod_0000784,2021-05-06,WI,Milwaukee,,1,0,42.991036,-87.910250
milwaukee_wi_mod_0000785,2021-10-22,WI,Milwaukee,,1,0,43.087155,-87.986551
milwaukee_wi_mod_0000786,2021-03-22,WI,Milwaukee,,1,0,43.012996,-87.950145
milwaukee_wi_mod_0000787,2021-02-01,WI,Milwaukee,,1,0,42.984372,-88.093532
milwaukee_wi_mod_0000788,2021-06-10,WI,Milwaukee,,1,0,42.957195,-88.017775
milwaukee_wi_mod_0000789,2021-03-07,WI,Milwaukee,,1,0,43.129322,-87.865452
milwaukee_wi_mod_0000790,2021-02-11,WI,Milwaukee,,1,0,43.154931,-88.053010
milwaukee_wi_mod_0000791,2021-06-12,WI,Milwaukee,,1,0,43.134994,-88.040955
milwaukee_wi_mod_0000792,2021-11-12,WI,Milwaukee,,1,0,42.915527,-87.924439
milwaukee_wi_mod_0000793,2021-06-06,WI,Milwaukee,,1,0,42.994526,-87.938661
milwaukee_wi_mod_0000794,2021-01-28,WI,Milwaukee,,1,0,43.102915,-88.144235
milwaukee_wi_mod_0000795,2021-03-20,WI,Milwaukee,,1,0,43.019604,-87.975131
milwaukee_wi_mod_0000796,2021-11-14,WI,Milwaukee,,1,0,42.937494,-87.973077
milwaukee_wi_mod_0000797,2021-12-19,WI,Milwaukee,,1,0,43.170750,-88.056976
milwaukee_wi_mod_0000798,2021-01-16,WI,Milwaukee,,1,0,43.142432,-88.117662
milwaukee_wi_mod_0000799,2021-01-12,WI,Milwaukee,,1,0,43.156185,-88.004581
milwaukee_wi_mod_0000800,2021-01-07,WI,Milwaukee,,1,0,43.079889,-88.007682
milwaukee_wi_mod_0000801,2021-04-02,WI,Milwaukee,,1,0,43.179317,-88.131366
milwaukee_wi_mod_0000802,2021-03-21,WI,Milwaukee,,1,0,43.186647,-88.172093
milwaukee_wi_mod_0000803,2021-11-23,WI,Milwaukee,,1,0,43.047050,-87.948219
milwaukee_wi_mod_0000804,2021-10-27,WI,Milwaukee,,1,0,43.074679,-87.846111
milwaukee_wi_mod_0000805,2021-12-03,WI,Milwaukee,,1,0,42.933699,-87.950449
milwaukee_wi_mod_0000806,2021-11-05,WI,Milwaukee,,1,0,43.053840,-87.965148
milwaukee_wi_mod_0000807,2021-08-01,WI,Milwaukee,,1,0,42.961484,-88.174471
milwaukee_wi_mod_0000808,2021-12-17,WI,Milwaukee,,1,0,43.151392,-87.835254
milwaukee_wi_mod_0000809,2021-04-22,WI,Milwaukee,,1,0,43.055784,-87.907911
milwaukee_wi_mod_0000810,2021-06-24,WI,Milwaukee,,1,0,43.048179,-88.189828
milwaukee_wi_mod_0000811,2021-05-23,WI,Milwaukee,,1,0,43.194025,-88.186856
milwaukee_wi_mod_0000812,2021-11-02,WI,Milwaukee,,1,0,43.059556,-88.105520
milwaukee_wi_mod_0000813,2021-11-24,WI,Milwaukee,,1,0,43.130449,-88.137513
milwaukee_wi_mod_0000814,2021-08-09,WI,Milwaukee,,1,0,43.017918,-88.111631
milwaukee_wi_mod_0000815,2021-07-01,WI,Milwaukee,,1,0,43.164276,-87.907908
milwaukee_wi_mod_0000816,2021-07-16,WI,Milwaukee,,1,0,43.149083,-88.182768
milwaukee_wi_mod_0000817,2021-06-15,WI,Milwaukee,,1,0,43.198275,-87.998362
milwaukee_wi_mod_0000818,2021-01-07,WI,Milwaukee,,1,0,43.036114,-87.888279
milwaukee_wi_mod_0000819,2021-10-31,WI,Milwaukee,,1,0,43.026412,-88.172106
milwaukee_wi_mod_0000820,2021-09-22,WI,Milwaukee,,1,0,43.125744,-87.849581
milwaukee_wi_mod_0000821,2021-08-23,WI,Milwaukee,,1,0,43.167910,-88.161104
milwaukee_wi_mod_0000822,2021-05-16,WI,Milwaukee,,1,0,43.184860,-88.195345
milwaukee_wi_mod_0000823,2021-04-20,WI,Milwaukee,,1,0,43.004080,-87.807192
milwaukee_wi_mod_0000824,2021-01-11,WI,Milwaukee,,1,0,43.144035,-88.036445
milwaukee_wi_mod_0000825,2021-10-14,WI,Milwaukee,,1,0,42.975487,-88.107939
milwaukee_wi_mod_0000826,2021-02-23,WI,Milwaukee,,1,0,43.056027,-87.921861
milwaukee_wi_mod_0000827,2021-11-12,WI,Milwaukee,,1,0,43.172562,-87.897413
milwaukee_wi_mod_0000828,2021-01-07,WI,Milwaukee,,1,0,42.962113,-87.961925
milwaukee_wi_mod_0000829,2021-08-30,WI,Milwaukee,,1,0,42.971814,-88.145774
milwaukee_wi_mod_0000830,2021-02-05,WI,Milwaukee,,1,0,42.912452,-87.869994
milwaukee_wi_mod_0000831,2021-01-11,WI,Milwaukee,,1,0,43.167147,-87.820378
milwaukee_wi_mod_0000832,2021-02-13,WI,Milwaukee,,1,0,43.144044,-88.030863
milwaukee_wi_mod_0000833,2021-08-09,WI,Milwaukee,,1,0,42.974188,-88.162184
milwaukee_wi_mod_0000834,2021-06-02,WI,Milwaukee,,1,0,42.926797,-88.115831
milwaukee_wi_mod_0000835,2021-08-17,WI,Milwaukee,,1,0,42.906554,-87.980683
milwaukee_wi_mod_0000836,2021-09-01,WI,Milwaukee,,1,0,43.175990,-87.810228
milwaukee_wi_mod_0000837,2021-02-21,WI,Milwaukee,,1,0,42.912625,-88.089924
milwaukee_wi_mod_0000838,2021-09-03,WI,Milwaukee,,1,0,43.188658,-87.915554
milwaukee_wi_mod_0000839,2021-07-10,WI,Milwaukee,,1,0,43.137157,-87.964508
milwaukee_wi_mod_0000840,2021-02-25,WI,Milwaukee,,1,0,43.162341,-88.193140
milwaukee_wi_mod_0000841,2021-07-04,WI,Milwaukee,,1,0,43.118107,-88.026695
milwaukee_wi_mod_0000842,2021-02-09,WI,Milwaukee,,1,0,42.926677,-88.119115
milwaukee_wi_mod_0000843,2021-06-04,WI,Milwaukee,,1,0,43.076705,-88.195602
milwaukee_wi_mod_0000844,2021-02-17,WI,Milwaukee,,1,0,42.926986,-88.147147
milwaukee_wi_mod_0000845,2021-02-16,WI,Milwaukee,,1,0,43.029314,-87.920026
milwaukee_wi_mod_0000846,2021-11-17,WI,Milwaukee,,1,0,43.015410,-88.097530
milwaukee_wi_mod_0000847,2021-03-19,WI,Milwaukee,,1,0,43.085425,-88.167723
milwaukee_wi_mod_0000848,2021-09-11,WI,Milwaukee,,1,0,42.959692,-87.817955
milwaukee_wi_mod_0000849,2021-05-19,WI,Milwaukee,,1,0,42.940810,-87.942745
milwaukee_wi_mod_0000850,2021-01-11,WI,Milwaukee,,1,0,43.016569,-87.874174
milwaukee_wi_mod_0000851,2021-12-22,WI,Milwaukee,,1,0,43.076611,-88.186557
milwaukee_wi_mod_0000852,2021-11-17,WI,Milwaukee,,1,0,43.133369,-87.987128
milwaukee_wi_mod_0000853,2021-02-01,WI,Milwaukee,,1,0,43.019765,-87.917267
milwaukee_wi_mod_0000854,2021-09-19,WI,Milwaukee,,1,0,43.025303,-88.158602
milwaukee_wi_mod_0000855,2021-07-07,WI,Milwaukee,,1,0,43.161760,-88.162518
milwaukee_wi_mod_0000856,2021-02-15,WI,Milwaukee,,1,0,43.086247,-88.148843
milwaukee_wi_mod_0000857,2021-12-25,WI,Milwaukee,,1,0,43.169552,-88.140219
milwaukee_wi_mod_0000858,2021-09-22,WI,Milwaukee,,1,0,43.016144,-88.066433
milwaukee_wi_mod_0000859,2021-07-13,WI,Milwaukee,,1,0,43.060931,-88.116041
milwaukee_wi_mod_0000860,2021-08-08,WI,Milwaukee,,1,0,43.117151,-87.974806
milwaukee_wi_mod_0000861,2021-01-13,WI,Milwaukee,,1,0,42.934719,-88.000745
milwaukee_wi_mod_0000862,2021-01-29,WI,Milwaukee,,1,0,42.983627,-87.857884
milwaukee_wi_mod_0000863,2021-05-01,WI,Milwaukee,,1,0,43.071256,-88.199186
milwaukee_wi_mod_0000864,2021-09-14,WI,Milwaukee,,1,0,43.152669,-87.905380
milwaukee_wi_mod_0000865,2021-06-05,WI,Milwaukee,,1,0,43.161287,-87.997894
milwaukee_wi_mod_0000866,2021-02-23,WI,Milwaukee,,1,0,43.022282,-87.896099
milwaukee_wi_mod_0000867,2021-06-21,WI,Milwaukee,,1,0,42.936225,-88.113675
milwaukee_wi_mod_0000868,2021-06-28,WI,Milwaukee,,1,0,43.155776,-88.094505
milwaukee_wi_mod_0000869,2021-01-18,WI,Milwaukee,,1,0,43.011529,-87.972607
milwaukee_wi_mod_0000870,2021-06-12,WI,Milwaukee,,1,0,43.090842,-87.808735
milwaukee_wi_mod_0000871,2021-06-07,WI,Milwaukee,,1,0,42.945053,-88.108273
milwaukee_wi_mod_0000872,2021-08-07,WI,Milwaukee,,1,0,43.080590,-87.836993
milwaukee_wi_mod_0000873,2021-03-03,WI,Milwaukee,,1,0,42.900850,-88.185744
milwaukee_wi_mod_0000874,2021-06-07,WI,Milwaukee,,1,0,43.197449,-88.013762
milwaukee_wi_mod_0000875,2021-03-13,WI,Milwaukee,,1,0,43.139246,-88.032860
milwaukee_wi_mod_0000876,2021-10-22,WI,Milwaukee,,1,0,43.018784,-87.849477
milwaukee_wi_mod_0000877,2021-06-15,WI,Milwaukee,,1,0,42.916264,-87.956496
milwaukee_wi_mod_0000878,2021-05-22,WI,Milwaukee,,1,0,43.064233,-87.865712
milwaukee_wi_mod_0000879,2021-08-20,WI,Milwaukee,,1,0,43.187692,-88.122077
milwaukee_wi_mod_0000880,2021-12-13,WI,Milwaukee,,1,0,43.163920,-87.862463
milwaukee_wi_mod_0000881,2022-11-01,WI,Milwaukee,,1,0,42.954119,-87.808799
milwaukee_wi_mod_0000882,2022-09-11,WI,Milwaukee,,1,0,43.195123,-88.190288
milwaukee_wi_mod_0000883,2022-01-04,WI,Milwaukee,,1,0,42.925826,-88.044925
milwaukee_wi_mod_0000884,2022-07-02,WI,Milwaukee,,1,0,43.023176,-88.001541
milwaukee_wi_mod_0000885,2022-04-04,WI,Milwaukee,,1,0,43.091384,-87.812368
milwaukee_wi_mod_0000886,2022-01-08,WI,Milwaukee,,1,0,43.144920,-87.896759
milwaukee_wi_mod_0000887,2022-06-03,WI,Milwaukee,,1,0,43.195979,-87.958685
milwaukee_wi_mod_0000888,2022-07-03,WI,Milwaukee,,1,0,42.966083,-87.923771
milwaukee_wi_mod_0000889,2022-04-12,WI,Milwaukee,,1,0,43.110228,-88.107957
milwaukee_wi_mod_0000890,2022-12-11,WI,Milwaukee,,1,0,43.108530,-87.870770
milwaukee_wi_mod_0000891,2022-10-02,WI,Milwaukee,,1,0,42.924252,-88.012502
milwaukee_wi_mod_0000892,2022-07-18,WI,Milwaukee,,1,0,43.181630,-87.924056
milwaukee_wi_mod_0000893,2022-03-10,WI,Milwaukee,,1,0,43.046317,-88.002891
milwaukee_wi_mod_0000894,2022-05-05,WI,Milwaukee,,1,0,43.186427,-87.934184
milwaukee_wi_mod_0000895,2022-07-06,WI,Milwaukee,,1,0,43.062404,-87.810290
milwaukee_wi_mod_0000896,2022-07-27,WI,Milwaukee,,1,0,43.185230,-87.871025
milwaukee_wi_mod_0000897,2022-10-23,WI,Milwaukee,,1,0,43.011654,-87.847423
milwaukee_wi_mod_0000898,2022-03-24,WI,Milwaukee,,1,0,43.120559,-87.932438
milwaukee_wi_mod_0000899,2022-12-29,WI,Milwaukee,,1,0,43.020296,-88.166786
milwaukee_wi_mod_0000900,2022-01-24,WI,Milwaukee,,1,0,43.159878,-88.090786
milwaukee_wi_mod_0000901,2022-03-19,WI,Milwaukee,,1,0,43.187078,-87.863012
milwaukee_wi_mod_0000902,2022-12-07,WI,Milwaukee,,1,0,42.972670,-87.966920
milwaukee_wi_mod_0000903,2022-02-13,WI,Milwaukee,,1,0,42.998084,-88.029230
milwaukee_wi_mod_0000904,2022-10-15,WI,Milwaukee,,1,0,43.156954,-88.099189
milwaukee_wi_mod_0000905,2022-01-26,WI,Milwaukee,,1,0,43.195957,-88.161102
milwaukee_wi_mod_0000906,2022-04-22,WI,Milwaukee,,1,0,42.924457,-88.135868
milwaukee_wi_mod_0000907,2022-05-07,WI,Milwaukee,,1,0,42.933156,-87.849414
milwaukee_wi_mod_0000908,2022-04-20,WI,Milwaukee,,1,0,43.188611,-87.858834
milwaukee_wi_mod_0000909,2022-05-13,WI,Milwaukee,,1,0,43.101568,-87.841691
milwaukee_wi_mod_0000910,2022-03-07,WI,Milwaukee,,1,0,43.011163,-88.184751
milwaukee_wi_mod_0000911,2022-03-06,WI,Milwaukee,,1,0,42.985016,-88.068231
milwaukee_wi_mod_0000912,2022-12-27,WI,Milwaukee,,1,0,43.027235,-87.876975
milwaukee_wi_mod_0000913,2022-02-23,WI,Milwaukee,,1,0,43.012754,-87.931101
milwaukee_wi_mod_0000914,2022-04-11,WI,Milwaukee,,1,0,42.984744,-88.168249
milwaukee_wi_mod_0000915,2022-12-11,WI,Milwaukee,,1,0,43.017006,-87.863178
milwaukee_wi_mod_0000916,2022-07-16,WI,Milwaukee,,1,0,42.976850,-87.960051
milwaukee_wi_mod_0000917,2022-02-08,WI,Milwaukee,,1,0,42.930230,-88.069119
milwaukee_wi_mod_0000918,2022-01-05,WI,Milwaukee,,1,0,42.933649,-87.834055
milwaukee_wi_mod_0000919,2022-06-18,WI,Milwaukee,,1,0,43.196470,-88.066777
milwaukee_wi_mod_0000920,2022-03-06,WI,Milwaukee,,1,0,43.023998,-88.062308
milwaukee_wi_mod_0000921,2022-12-05,WI,Milwaukee,,1,0,42.938842,-87.884725
milwaukee_wi_mod_0000922,2022-02-17,WI,Milwaukee,,1,0,43.057064,-88.026076
milwaukee_wi_mod_0000923,2022-09-16,WI,Milwaukee,,1,0,42.942314,-88.037245
milwaukee_wi_mod_0000924,2022-09-23,WI,Milwaukee,,1,0,43.066959,-88.031101
milwaukee_wi_mod_0000925,2022-06-06,WI,Milwaukee,,1,0,42.913862,-87.940043
milwaukee_wi_mod_0000926,2022-04-23,WI,Milwaukee,,1,0,42.930232,-87.957318
milwaukee_wi_mod_0000927,2022-12-16,WI,Milwaukee,,1,0,43.137632,-88.166045
milwaukee_wi_mod_0000928,2022-09-15,WI,Milwaukee,,1,0,43.074035,-88.136497
milwaukee_wi_mod_0000929,2022-09-27,WI,Milwaukee,,1,0,43.101202,-88.033008
milwaukee_wi_mod_0000930,2022-08-03,WI,Milwaukee,,1,0,43.181857,-87.987314
milwaukee_wi_mod_0000931,2022-07-03,WI,Milwaukee,,1,0,43.182108,-87.973019
milwaukee_wi_mod_0000932,2022-05-09,WI,Milwaukee,,1,0,43.101199,-87.831062
milwaukee_wi_mod_0000933,2022-06-17,WI,Milwaukee,,1,0,43.140418,-88.199191
milwaukee_wi_mod_0000934,2022-02-25,WI,Milwaukee,,1,0,43.137151,-87.836062
milwaukee_wi_mod_0000935,2022-11-24,WI,Milwaukee,,1,0,43.191099,-88.176589
milwaukee_wi_mod_0000936,2022-08-25,WI,Milwaukee,,1,0,42.943427,-88.085654
milwaukee_wi_mod_0000937,2022-04-22,WI,Milwaukee,,1,0,42.960447,-88.181979
milwaukee_wi_mod_0000938,2022-08-03,WI,Milwaukee,,1,0,43.055321,-88.114577
milwaukee_wi_mod_0000939,2022-07-01,WI,Milwaukee,,1,0,42.958705,-88.036294
milwaukee_wi_mod_0000940,2022-06-11,WI,Milwaukee,,1,0,42.908276,-87.867481
milwaukee_wi_mod_0000941,2022-08-29,WI,Milwaukee,,1,0,42.994182,-88.177565
milwaukee_wi_mod_0000942,2022-05-28,WI,Milwaukee,,1,0,43.087767,-87.821214
milwaukee_wi_mod_0000943,2022-03-19,WI,Milwaukee,,1,0,42.921635,-88.115420
milwaukee_wi_mod_0000944,2022-03-22,WI,Milwaukee,,1,0,43.100140,-87.834919
milwaukee_wi_mod_0000945,2022-08-27,WI,Milwaukee,,1,0,43.088835,-87.854287
milwaukee_wi_mod_0000946,2022-01-28,WI,Milwaukee,,1,0,42.958667,-88.176265
milwaukee_wi_mod_0000947,2022-04-24,WI,Milwaukee,,1,0,43.030558,-87.843835
milwaukee_wi_mod_0000948,2022-02-25,WI,Milwaukee,,1,0,43.197031,-87.938341
milwaukee_wi_mod_0000949,2022-12-07,WI,Milwaukee,,1,0,43.002141,-88.064220
milwaukee_wi_mod_0000950,2022-09-12,WI,Milwaukee,,1,0,42.922135,-87.996592
milwaukee_wi_mod_0000951,2022-04-15,WI,Milwaukee,,1,0,43.110003,-87.889035
milwaukee_wi_mod_0000952,2022-01-24,WI,Milwaukee,,1,0,42.958616,-88.007741
milwaukee_wi_mod_0000953,2022-05-20,WI,Milwaukee,,1,0,43.066292,-88.084488
milwaukee_wi_mod_0000954,2022-01-01,WI,Milwaukee,,1,0,43.140713,-87.845913
milwaukee_wi_mod_0000955,2022-08-11,WI,Milwaukee,,1,0,42.960586,-88.127922
milwaukee_wi_mod_0000956,2022-12-23,WI,Milwaukee,,1,0,43.039602,-87.844146
milwaukee_wi_mod_0000957,2022-04-25,WI,Milwaukee,,1,0,42.959124,-87.838041
milwaukee_wi_mod_0000958,2022-08-03,WI,Milwaukee,,1,0,43.071004,-87.979395
milwaukee_wi_mod_0000959,2022-08-28,WI,Milwaukee,,1,0,43.048002,-88.197773
milwaukee_wi_mod_0000960,2022-12-20,WI,Milwaukee,,1,0,43.109137,-87.952970
milwaukee_wi_mod_0000961,2022-12-11,WI,Milwaukee,,1,0,43.174195,-87.930177
milwaukee_wi_mod_0000962,2022-04-01,WI,Milwaukee,,1,0,43.081985,-88.035647
milwaukee_wi_mod_0000963,2022-02-12,WI,Milwaukee,,1,0,43.017391,-88.055942
milwaukee_wi_mod_0000964,2022-01-22,WI,Milwaukee,,1,0,42.918422,-88.152201
milwaukee_wi_mod_0000965,2022-04-10,WI,Milwaukee,,1,0,42.943327,-87.933534
milwaukee_wi_mod_0000966,2022-03-22,WI,Milwaukee,,1,0,43.125054,-87.814813
milwaukee_wi_mod_0000967,2022-01-18,WI,Milwaukee,,1,0,42.944844,-87.852295
milwaukee_wi_mod_0000968,2022-07-01,WI,Milwaukee,,1,0,43.059379,-87.800567
milwaukee_wi_mod_0000969,2022-05-17,WI,Milwaukee,,1,0,43.037832,-88.187539
milwaukee_wi_mod_0000970,2022-11-17,WI,Milwaukee,,1,0,42.978178,-87.918281
milwaukee_wi_mod_0000971,2022-10-29,WI,Milwaukee,,1,0,43.046570,-88.003513
milwaukee_wi_mod_0000972,2022-01-18,WI,Milwaukee,,1,0,43.109431,-87.881554
milwaukee_wi_mod_0000973,2022-02-18,WI,Milwaukee,,1,0,42.943370,-87.909787
milwaukee_wi_mod_0000974,2022-12-19,WI,Milwaukee,,1,0,43.019166,-87.849787
milwaukee_wi_mod_0000975,2022-09-05,WI,Milwaukee,,1,0,42.945625,-88.152876
milwaukee_wi_mod_0000976,2022-11-26,WI,Milwaukee,,1,0,43.194380,-88.033799
milwaukee_wi_mod_0000977,2022-12-20,WI,Milwaukee,,1,0,42.988197,-87.916321
milwaukee_wi_mod_0000978,2022-12-24,WI,Milwaukee,,1,0,42.956647,-88.045908
milwaukee_wi_mod_0000979,2022-02-04,WI,Milwaukee,,1,0,43.120250,-88.153410
milwaukee_wi_mod_0000980,2022-10-19,WI,Milwaukee,,1,0,43.022732,-87.872005
milwaukee_wi_mod_0000981,2022-12-28,WI,Milwaukee,,1,0,43.109932,-87.970492
milwaukee_wi_mod_0000982,2022-05-16,WI,Milwaukee,,1,0,43.122723,-87.970969
milwaukee_wi_mod_0000983,2022-01-11,WI,Milwaukee,,1,0,43.167003,-87.895527
milwaukee_wi_mod_0000984,2022-05-25,WI,Milwaukee,,1,0,43.034143,-87.814301
milwaukee_wi_mod_0000985,2022-06-05,WI,Milwaukee,,1,0,42.946825,-88.097306
milwaukee_wi_mod_0000986,2022-06-12,WI,Milwaukee,,1,0,43.040436,-88.186068
milwaukee_wi_mod_0000987,2022-02-07,WI,Milwaukee,,1,0,42.915177,-87.916975
milwaukee_wi_mod_0000988,2022-04-15,WI,Milwaukee,,1,0,43.142416,-88.108144
milwaukee_wi_mod_0000989,2022-09-07,WI,Milwaukee,,1,0,43.195843,-88.013290
milwaukee_wi_mod_0000990,2022-01-28,WI,Milwaukee,,1,0,43.063575,-87.863998
milwaukee_wi_mod_0000991,2023-03-23,WI,Milwaukee,,1,0,43.123966,-88.090316
milwaukee_wi_mod_0000992,2023-04-14,WI,Milwaukee,,1,0,43.167659,-87.879936
milwaukee_wi_mod_0000993,2023-11-30,WI,Milwaukee,,1,0,42.920381,-87.885654
milwaukee_wi_mod_0000994,2023-05-24,WI,Milwaukee,,1,0,42.918668,-88.131044
milwaukee_wi_mod_0000995,2023-04-21,WI,Milwaukee,,1,0,42.961803,-88.086003
milwaukee_wi_mod_0000996,2023-06-14,WI,Milwaukee,,1,0,42.999597,-87.881454
milwaukee_wi_mod_0000997,2023-09-13,WI,Milwaukee,,1,0,42.947464,-88.060069
milwaukee_wi_mod_0000998,2023-12-02,WI,Milwaukee,,1,0,43.190920,-87.809624
milwaukee_wi_mod_0000999,2023-03-15,WI,Milwaukee,,1,0,43.090916,-87.944223
milwaukee_wi_mod_0001000,2023-11-11,WI,Milwaukee,,1,0,43.151215,-87.941702
milwaukee_wi_mod_0001001,2023-01-10,WI,Milwaukee,,1,0,43.190410,-87.987695
milwaukee_wi_mod_0001002,2023-12-05,WI,Milwaukee,,1,0,42.932822,-88.076755
milwaukee_wi_mod_0001003,2023-04-29,WI,Milwaukee,,1,0,43.097248,-88.004988
milwaukee_wi_mod_0001004,2023-03-16,WI,Milwaukee,,1,0,42.988942,-88.051448
milwaukee_wi_mod_0001005,2023-02-02,WI,Milwaukee,,1,0,43.074049,-88.069878
milwaukee_wi_mod_0001006,2023-02-25,WI,Milwaukee,,1,0,43.137362,-87.800156
milwaukee_wi_mod_0001007,2023-08-14,WI,Milwaukee,,1,0,43.118667,-87.807366
milwaukee_wi_mod_0001008,2023-05-24,WI,Milwaukee,,1,0,43.196818,-88.098267
milwaukee_wi_mod_0001009,2023-02-08,WI,Milwaukee,,1,0,43.137836,-88.087457
milwaukee_wi_mod_0001010,2023-11-04,WI,Milwaukee,,1,0,42.932817,-87.809876
milwaukee_wi_mod_0001011,2023-02-07,WI,Milwaukee,,1,0,43.068616,-88.068068
milwaukee_wi_mod_0001012,2023-06-19,WI,Milwaukee,,1,0,43.104310,-87.862872
milwaukee_wi_mod_0001013,2023-01-05,WI,Milwaukee,,1,0,42.963186,-87.880662
milwaukee_wi_mod_0001014,2023-06-22,WI,Milwaukee,,1,0,43.163541,-88.063918
milwaukee_wi_mod_0001015,2023-01-05,WI,Milwaukee,,1,0,43.172752,-87.997584
milwaukee_wi_mod_0001016,2023-08-02,WI,Milwaukee,,1,0,42.969413,-87.903598
milwaukee_wi_mod_0001017,2023-11-15,WI,Milwaukee,,1,0,42.915097,-87.825334
milwaukee_wi_mod_0001018,2023-02-05,WI,Milwaukee,,1,0,42.965067,-87.855649
milwaukee_wi_mod_0001019,2023-03-18,WI,Milwaukee,,1,0,43.171427,-88.045681
milwaukee_wi_mod_0001020,2023-09-15,WI,Milwaukee,,1,0,43.002366,-87.879590
milwaukee_wi_mod_0001021,2023-06-11,WI,Milwaukee,,1,0,42.938675,-87.846876
milwaukee_wi_mod_0001022,2023-06-24,WI,Milwaukee,,1,0,43.078681,-87.945400
milwaukee_wi_mod_0001023,2023-12-05,WI,Milwaukee,,1,0,43.151435,-88.134341
milwaukee_wi_mod_0001024,2023-12-11,WI,Milwaukee,,1,0,43.042724,-88.088926
milwaukee_wi_mod_0001025,2023-06-21,WI,Milwaukee,,1,0,43.196441,-88.024893
milwaukee_wi_mod_0001026,2023-04-17,WI,Milwaukee,,1,0,42.957474,-88.139465
milwaukee_wi_mod_0001027,2023-01-10,WI,Milwaukee,,1,0,43.167287,-87.973604
milwaukee_wi_mod_0001028,2023-08-20,WI,Milwaukee,,1,0,43.048791,-87.942481
milwaukee_wi_mod_0001029,2023-03-09,WI,Milwaukee,,1,0,43.085917,-88.042606
milwaukee_wi_mod_0001030,2023-05-07,WI,Milwaukee,,1,0,43.184491,-88.175116
milwaukee_wi_mod_0001031,2023-09-16,WI,Milwaukee,,1,0,43.092010,-88.057448
milwaukee_wi_mod_0001032,2023-05-27,WI,Milwaukee,,1,0,42.991083,-88.070580
milwaukee_wi_mod_0001033,2023-03-14,WI,Milwaukee,,1,0,43.122397,-87.838568
milwaukee_wi_mod_0001034,2023-06-04,WI,Milwaukee,,1,0,43.028243,-87.840393
milwaukee_wi_mod_0001035,2023-08-05,WI,Milwaukee,,1,0,42.962548,-87.858868
milwaukee_wi_mod_0001036,2023-05-16,WI,Milwaukee,,1,0,43.113280,-88.107458
milwaukee_wi_mod_0001037,2023-12-25,WI,Milwaukee,,1,0,42.957460,-87.867067
milwaukee_wi_mod_0001038,2023-07-06,WI,Milwaukee,,1,0,42.927825,-88.164918
milwaukee_wi_mod_0001039,2023-10-14,WI,Milwaukee,,1,0,42.959008,-87.841947
milwaukee_wi_mod_0001040,2023-01-14,WI,Milwaukee,,1,0,43.145421,-88.137855
milwaukee_wi_mod_0001041,2023-07-05,WI,Milwaukee,,1,0,42.932421,-88.006975
milwaukee_wi_mod_0001042,2023-02-09,WI,Milwaukee,,1,0,42.973215,-87.978305
milwaukee_wi_mod_0001043,2023-04-24,WI,Milwaukee,,1,0,43.132490,-88.185808
milwaukee_wi_mod_0001044,2023-09-03,WI,Milwaukee,,1,0,43.173746,-87.813109
milwaukee_wi_mod_0001045,2023-09-09,WI,Milwaukee,,1,0,43.021786,-88.142493
milwaukee_wi_mod_0001046,2023-11-10,WI,Milwaukee,,1,0,43.185135,-87.915084
milwaukee_wi_mod_0001047,2023-05-14,WI,Milwaukee,,1,0,42.966032,-87.840807
milwaukee_wi_mod_0001048,2023-06-11,WI,Milwaukee,,1,0,43.016895,-87.997770
milwaukee_wi_mod_0001049,2023-02-10,WI,Milwaukee,,1,0,43.102330,-88.125770
milwaukee_wi_mod_0001050,2023-07-06,WI,Milwaukee,,1,0,42.987786,-88.087767
milwaukee_wi_mod_0001051,2023-06-21,WI,Milwaukee,,1,0,42.991681,-87.861948
milwaukee_wi_mod_0001052,2023-09-08,WI,Milwaukee,,1,0,43.065116,-87.817024
milwaukee_wi_mod_0001053,2023-12-30,WI,Milwaukee,,1,0,42.932841,-88.009321
milwaukee_wi_mod_0001054,2023-08-05,WI,Milwaukee,,1,0,42.998371,-87.844287
milwaukee_wi_mod_0001055,2023-08-22,WI,Milwaukee,,1,0,42.969619,-88.064300
milwaukee_wi_mod_0001056,2023-05-19,WI,Milwaukee,,1,0,43.017935,-88.018774
milwaukee_wi_mod_0001057,2023-04-15,WI,Milwaukee,,1,0,43.081923,-87.966210
milwaukee_wi_mod_0001058,2023-08-18,WI,Milwaukee,,1,0,43.151310,-87.863108
milwaukee_wi_mod_0001059,2023-05-30,WI,Milwaukee,,1,0,42.952469,-87.918596
milwaukee_wi_mod_0001060,2023-05-30,WI,Milwaukee,,1,0,43.022462,-88.081450
milwaukee_wi_mod_0001061,2023-11-21,WI,Milwaukee,,1,0,43.040845,-88.180863
milwaukee_wi_mod_0001062,2023-04-14,WI,Milwaukee,,1,0,42.907938,-88.194737
milwaukee_wi_mod_0001063,2023-05-17,WI,Milwaukee,,1,0,43.175809,-87.885961
milwaukee_wi_mod_0001064,2023-07-12,WI,Milwaukee,,1,0,43.011845,-87.990840
milwaukee_wi_mod_0001065,2023-01-26,WI,Milwaukee,,1,0,42.917404,-87.817047
milwaukee_wi_mod_0001066,2023-12-11,WI,Milwaukee,,1,0,43.024302,-87.953016
milwaukee_wi_mod_0001067,2023-05-22,WI,Milwaukee,,1,0,43.163590,-88.072809
milwaukee_wi_mod_0001068,2023-08-27,WI,Milwaukee,,1,0,43.002295,-88.126103
milwaukee_wi_mod_0001069,2023-05-28,WI,Milwaukee,,1,0,43.059558,-88.085646
milwaukee_wi_mod_0001070,2023-05-09,WI,Milwaukee,,1,0,43.197000,-87.819646
milwaukee_wi_mod_0001071,2023-08-11,WI,Milwaukee,,1,0,42.903506,-87.961151
milwaukee_wi_mod_0001072,2023-07-26,WI,Milwaukee,,1,0,43.120922,-88.068349
milwaukee_wi_mod_0001073,2023-02-07,WI,Milwaukee,,1,0,43.096757,-87.929731
milwaukee_wi_mod_0001074,2023-08-08,WI,Milwaukee,,1,0,43.094356,-88.090171
milwaukee_wi_mod_0001075,2023-01-31,WI,Milwaukee,,1,0,43.021933,-87.942144
milwaukee_wi_mod_0001076,2023-12-18,WI,Milwaukee,,1,0,43.109873,-87.817802
milwaukee_wi_mod_0001077,2023-06-13,WI,Milwaukee,,1,0,43.094608,-87.945355
milwaukee_wi_mod_0001078,2023-07-29,WI,Milwaukee,,1,0,42.954864,-87.931630
milwaukee_wi_mod_0001079,2023-01-15,WI,Milwaukee,,1,0,42.990696,-87.909005
milwaukee_wi_mod_0001080,2023-05-11,WI,Milwaukee,,1,0,43.110718,-88.150913
milwaukee_wi_mod_0001081,2023-03-12,WI,Milwaukee,,1,0,43.097984,-88.191015
milwaukee_wi_mod_0001082,2023-04-08,WI,Milwaukee,,1,0,43.100123,-87.805492
milwaukee_wi_mod_0001083,2023-08-18,WI,Milwaukee,,1,0,43.107618,-87.936131
milwaukee_wi_mod_0001084,2023-10-11,WI,Milwaukee,,1,0,42.960972,-88.067850
milwaukee_wi_mod_0001085,2023-08-16,WI,Milwaukee,,1,0,43.118110,-87.983957
milwaukee_wi_mod_0001086,2023-07-07,WI,Milwaukee,,1,0,43.195375,-87.819357
milwaukee_wi_mod_0001087,2023-03-13,WI,Milwaukee,,1,0,43.172663,-87.827092
milwaukee_wi_mod_0001088,2023-12-10,WI,Milwaukee,,1,0,43.052495,-88.158315
milwaukee_wi_mod_0001089,2023-03-05,WI,Milwaukee,,1,0,43.186690,-88.184757
milwaukee_wi_mod_0001090,2023-09-28,WI,Milwaukee,,1,0,43.057620,-87.837019
milwaukee_wi_mod_0001091,2023-04-02,WI,Milwaukee,,1,0,42.952693,-87.992707
milwaukee_wi_mod_0001092,2023-04-18,WI,Milwaukee,,1,0,43.071862,-88.135373
milwaukee_wi_mod_0001093,2023-09-20,WI,Milwaukee,,1,0,43.078463,-88.168010
milwaukee_wi_mod_0001094,2023-06-21,WI,Milwaukee,,1,0,43.002287,-87.812061
milwaukee_wi_mod_0001095,2023-09-12,WI,Milwaukee,,1,0,43.114029,-87.821111
milwaukee_wi_mod_0001096,2023-06-26,WI,Milwaukee,,1,0,43.096801,-87.971153
milwaukee_wi_mod_0001097,2023-05-30,WI,Milwaukee,,1,0,42.964568,-88.091296
milwaukee_wi_mod_0001098,2023-11-29,WI,Milwaukee,,1,0,43.159050,-88.174676
milwaukee_wi_mod_0001099,2023-01-25,WI,Milwaukee,,1,0,42.947409,-87.970062
milwaukee_wi_mod_0001100,2023-03-26,WI,Milwaukee,,1,0,42.939265,-88.154737
