# source=modeled_synthetic_not_gun_violence_archive,seed=80079862,ucr_annual_murder_proxy=100,bbox,years=2014-2023
incident_id,date,state,city_or_county,address,n_killed,n_injured,latitude,longitude
nashville_tn_mod_0000001,2014-04-03,TN,Nashville,,1,0,36.150944,-86.619762
nashville_tn_mod_0000002,2014-03-11,TN,Nashville,,1,0,36.055279,-86.808788
nashville_tn_mod_0000003,2014-04-05,TN,Nashville,,1,0,36.062397,-86.618682
nashville_tn_mod_0000004,2014-04-27,TN,Nashville,,1,0,36.100613,-86.500138
nashville_tn_mod_0000005,2014-09-04,TN,Nashville,,1,0,36.131133,-86.523508
nashville_tn_mod_0000006,2014-04-28,TN,Nashville,,1,0,36.140834,-86.522522
nashville_tn_mod_0000007,2014-08-21,TN,Nashville,,1,0,36.186980,-86.640908
nashville_tn_mod_0000008,2014-06-12,TN,Nashville,,1,0,36.165732,-86.732779
nashville_tn_mod_0000009,2014-12-30,TN,Nashville,,1,0,36.078453,-86.905937
nashville_tn_mod_0000010,2014-05-06,TN,Nashville,,1,0,36.159633,-86.743672
nashville_tn_mod_0000011,2014-01-15,TN,Nashville,,1,0,36.167856,-86.633517
nashville_tn_mod_0000012,2014-07-08,TN,Nashville,,1,0,36.157915,-86.790456
nashville_tn_mod_0000013,2014-07-30,TN,Nashville,,1,0,36.168567,-86.837396
nashville_tn_mod_0000014,2014-05-24,TN,Nashville,,1,0,36.189606,-86.537311
nashville_tn_mod_0000015,2014-08-16,TN,Nashville,,1,0,36.148185,-86.672195
nashville_tn_mod_0000016,2014-12-10,TN,Nashville,,1,0,36.154192,-86.855959
nashville_tn_mod_0000017,2014-07-09,TN,Nashville,,1,0,36.125463,-86.696981
nashville_tn_mod_0000018,2014-02-05,TN,Nashville,,1,0,36.136743,-86.705363
nashville_tn_mod_0000019,2014-02-28,TN,Nashville,,1,0,36.173068,-86.557665
nashville_tn_mod_0000020,2014-02-13,TN,Nashville,,1,0,36.131478,-86.598953
nashville_tn_mod_0000021,2014-01-16,TN,Nashville,,1,0,36.142547,-86.801003
nashville_tn_mod_0000022,2014-03-30,TN,Nashville,,1,0,36.106653,-86.609050
nashville_tn_mod_0000023,2014-07-09,TN,Nashville,,1,0,36.187852,-86.855101
nashville_tn_mod_0000024,2014-01-28,TN,Nashville,,1,0,36.050108,-86.574314
nashville_tn_mod_0000025,2014-04-22,TN,Nashville,,1,0,36.079324,-86.769663
nashville_tn_mod_0000026,2014-04-07,TN,Nashville,,1,0,36.063587,-86.662377
nashville_tn_mod_0000027,2014-10-14,TN,Nashville,,1,0,36.133513,-86.509804
nashville_tn_mod_0000028,2014-11-18,TN,Nashville,,1,0,36.119412,-86.691676
nashville_tn_mod_0000029,2014-05-29,TN,Nashville,,1,0,36.052123,-86.823515
nashville_tn_mod_0000030,2014-01-06,TN,Nashville,,1,0,36.156147,-86.816374
nashville_tn_mod_0000031,2014-06-09,TN,Nashville,,1,0,36.121816,-86.785232
nashville_tn_mod_0000032,2014-09-08,TN,Nashville,,1,0,36.152297,-86.519540
nashville_tn_mod_0000033,2014-07-11,TN,Nashville,,1,0,36.086377,-86.610747
nashville_tn_mod_0000034,2014-05-26,TN,Nashville,,1,0,36.083057,-86.821819
nashville_tn_mod_0000035,2014-08-15,TN,Nashville,,1,0,36.090103,-86.552901
nashville_tn_mod_0000036,2014-05-08,TN,Nashville,,1,0,36.130855,-86.666444
nashville_tn_mod_0000037,2014-08-14,TN,Nashville,,1,0,36.056720,-86.765507
nashville_tn_mod_0000038,2014-12-17,TN,Nashville,,1,0,36.078118,-86.704765
nashville_tn_mod_0000039,2014-01-27,TN,Nashville,,1,0,36.064479,-86.707236
nashville_tn_mod_0000040,2014-09-17,TN,Nashville,,1,0,36.055701,-86.677754
nashville_tn_mod_0000041,2014-09-24,TN,Nashville,,1,0,36.178232,-86.907161
nashville_tn_mod_0000042,2014-12-05,TN,Nashville,,1,0,36.062376,-86.586976
nashville_tn_mod_0000043,2014-06-29,TN,Nashville,,1,0,36.131762,-86.939273
nashville_tn_mod_0000044,2014-10-11,TN,Nashville,,1,0,36.158535,-86.618138
nashville_tn_mod_0000045,2014-03-17,TN,Nashville,,1,0,36.151779,-86.940471
nashville_tn_mod_0000046,2014-01-22,TN,Nashville,,1,0,36.068530,-86.804109
nashville_tn_mod_0000047,2014-04-01,TN,Nashville,,1,0,36.066392,-86.704478
nashville_tn_mod_0000048,2014-12-29,TN,Nashville,,1,0,36.111209,-86.835255
nashville_tn_mod_0000049,2014-07-08,TN,Nashville,,1,0,36.189112,-86.906743
nashville_tn_mod_0000050,2014-11-11,TN,Nashville,,1,0,36.186539,-86.532879
nashville_tn_mod_0000051,2014-02-21,TN,Nashville,,1,0,36.113520,-86.618603
nashville_tn_mod_0000052,2014-10-10,TN,Nashville,,1,0,36.189677,-86.839903
nashville_tn_mod_0000053,2014-07-23,TN,Nashville,,1,0,36.152291,-86.760322
nashville_tn_mod_0000054,2014-11-08,TN,Nashville,,1,0,36.106179,-86.939045
nashville_tn_mod_0000055,2014-03-27,TN,Nashville,,1,0,36.091872,-86.565037
nashville_tn_mod_0000056,2014-04-28,TN,Nashville,,1,0,36.192146,-86.918151
nashville_tn_mod_0000057,2014-01-13,TN,Nashville,,1,0,36.178272,-86.556013
nashville_tn_mod_0000058,2014-05-20,TN,Nashville,,1,0,36.052385,-86.839073
nashville_tn_mod_0000059,2014-02-07,TN,Nashville,,1,0,36.138721,-86.693065
nashville_tn_mod_0000060,2014-11-22,TN,Nashville,,1,0,36.060778,-86.894639
nashville_tn_mod_0000061,2014-12-14,TN,Nashville,,1,0,36.113201,-86.805295
nashville_tn_mod_0000062,2014-12-20,TN,Nashville,,1,0,36.130035,-86.869525
nashville_tn_mod_0000063,2014-03-17,TN,Nashville,,1,0,36.161085,-86.866988
nashville_tn_mod_0000064,2014-03-20,TN,Nashville,,1,0,36.190857,-86.799473
nashville_tn_mod_0000065,2014-11-23,TN,Nashville,,1,0,36.098050,-86.926529
nashville_tn_mod_0000066,2014-04-02,TN,Nashville,,1,0,36.144826,-86.689296
nashville_tn_mod_0000067,2014-01-28,TN,Nashville,,1,0,36.173930,-86.841396
nashville_tn_mod_0000068,2014-08-09,TN,Nashville,,1,0,36.058363,-86.744866
nashville_tn_mod_0000069,2014-12-08,TN,Nashville,,1,0,36.159317,-86.790560
nashville_tn_mod_0000070,2014-11-15,TN,Nashville,,1,0,36.077930,-86.663828
nashville_tn_mod_0000071,2014-11-30,TN,Nashville,,1,0,36.174700,-86.862702
nashville_tn_mod_0000072,2014-07-17,TN,Nashville,,1,0,36.195401,-86.694710
nashville_tn_mod_0000073,2014-08-27,TN,Nashville,,1,0,36.184642,-86.913109
nashville_tn_mod_0000074,2014-03-23,TN,Nashville,,1,0,36.141873,-86.757687
nashville_tn_mod_0000075,2014-08-11,TN,Nashville,,1,0,36.053876,-86.793384
nashville_tn_mod_0000076,2014-11-27,TN,Nashville,,1,0,36.146539,-86.915069
nashville_tn_mod_0000077,2014-02-17,TN,Nashville,,1,0,36.138747,-86.604568
nashville_tn_mod_0000078,2014-03-25,TN,Nashville,,1,0,36.064041,-86.622768
nashville_tn_mod_0000079,2014-01-15,TN,Nashville,,1,0,36.124516,-86.546791
nashville_tn_mod_0000080,2014-02-03,TN,Nashville,,1,0,36.057425,-86.784836
nashville_tn_mod_0000081,2014-07-07,TN,Nashville,,1,0,36.191064,-86.608990
nashville_tn_mod_0000082,2014-03-10,TN,Nashville,,1,0,36.126348,-86.835419
nashville_tn_mod_0000083,2014-10-07,TN,Nashville,,1,0,36.098130,-86.510846
nashville_tn_mod_0000084,2014-03-22,TN,Nashville,,1,0,36.068803,-86.510487
nashville_tn_mod_0000085,2014-01-11,TN,Nashville,,1,0,36.086536,-86.770730
nashville_tn_mod_0000086,2014-06-18,TN,Nashville,,1,0,36.096677,-86.794206
nashville_tn_mod_0000087,2014-07-27,TN,Nashville,,1,0,36.089117,-86.582900
nashville_tn_mod_0000088,2014-10-18,TN,Nashville,,1,0,36.164120,-86.938080
nashville_tn_mod_0000089,2014-03-17,TN,Nashville,,1,0,36.185971,-86.714516
nashville_tn_mod_0000090,2014-10-31,TN,Nashville,,1,0,36.168767,-86.563629
nashville_tn_mod_0000091,2014-01-29,TN,Nashville,,1,0,36.133655,-86.797846
nashville_tn_mod_0000092,2014-03-21,TN,Nashville,,1,0,36.152743,-86.587318
nashville_tn_mod_0000093,2014-03-28,TN,Nashville,,1,0,36.183626,-86.597064
nashville_tn_mod_0000094,2014-02-08,TN,Nashville,,1,0,36.157526,-86.584871
nashville_tn_mod_0000095,2014-07-29,TN,Nashville,,1,0,36.122929,-86.707628
nashville_tn_mod_0000096,2014-10-17,TN,Nashville,,1,0,36.198108,-86.639458
nashville_tn_mod_0000097,2014-12-25,TN,Nashville,,1,0,36.102913,-86.728005
nashville_tn_mod_0000098,2014-06-11,TN,Nashville,,1,0,36.066448,-86.762413
nashville_tn_mod_0000099,2014-07-08,TN,Nashville,,1,0,36.158220,-86.648234
nashville_tn_mod_0000100,2014-10-23,TN,Nashville,,1,0,36.176791,-86.903778
nashville_tn_mod_0000101,2015-08-31,TN,Nashville,,1,0,36.090357,-86.784047
nashville_tn_mod_0000102,2015-01-31,TN,Nashville,,1,0,36.147867,-86.523160
nashville_tn_mod_0000103,2015-06-25,TN,Nashville,,1,0,36.055410,-86.809522
nashville_tn_mod_0000104,2015-12-18,TN,Nashville,,1,0,36.139728,-86.836070
nashville_tn_mod_0000105,2015-04-20,TN,Nashville,,1,0,36.052581,-86.548392
nashville_tn_mod_0000106,2015-09-18,TN,Nashville,,1,0,36.055235,-86.825046
nashville_tn_mod_0000107,2015-03-18,TN,Nashville,,1,0,36.198439,-86.548694
nashville_tn_mod_0000108,2015-10-28,TN,Nashville,,1,0,36.143862,-86.936080
nashville_tn_mod_0000109,2015-06-26,TN,Nashville,,1,0,36.110093,-86.678110
nashville_tn_mod_0000110,2015-11-07,TN,Nashville,,1,0,36.148982,-86.879428
nashville_tn_mod_0000111,2015-11-03,TN,Nashville,,1,0,36.190999,-86.838368
nashville_tn_mod_0000112,2015-09-13,TN,Nashville,,1,0,36.090138,-86.890880
nashville_tn_mod_0000113,2015-09-15,TN,Nashville,,1,0,36.198615,-86.785270
nashville_tn_mod_0000114,2015-07-13,TN,Nashville,,1,0,36.067478,-86.749737
nashville_tn_mod_0000115,2015-11-04,TN,Nashville,,1,0,36.184039,-86.583512
nashville_tn_mod_0000116,2015-04-24,TN,Nashville,,1,0,36.132145,-86.948750
nashville_tn_mod_0000117,2015-02-11,TN,Nashville,,1,0,36.165424,-86.684698
nashville_tn_mod_0000118,2015-06-17,TN,Nashville,,1,0,36.118659,-86.604363
nashville_tn_mod_0000119,2015-04-23,TN,Nashville,,1,0,36.138395,-86.628588
nashville_tn_mod_0000120,2015-06-18,TN,Nashville,,1,0,36.192299,-86.775683
nashville_tn_mod_0000121,2015-08-11,TN,Nashville,,1,0,36.150717,-86.578918
nashville_tn_mod_0000122,2015-04-08,TN,Nashville,,1,0,36.172677,-86.681871
nashville_tn_mod_0000123,2015-10-26,TN,Nashville,,1,0,36.165285,-86.707475
nashville_tn_mod_0000124,2015-05-07,TN,Nashville,,1,0,36.138820,-86.741991
nashville_tn_mod_0000125,2015-11-23,TN,Nashville,,1,0,36.070165,-86.635385
nashville_tn_mod_0000126,2015-08-08,TN,Nashville,,1,0,36.067276,-86.861758
nashville_tn_mod_0000127,2015-11-27,TN,Nashville,,1,0,36.163055,-86.674623
nashville_tn_mod_0000128,2015-03-03,TN,Nashville,,1,0,36.196774,-86.709071
nashville_tn_mod_0000129,2015-03-09,TN,Nashville,,1,0,36.195240,-86.733479
nashville_tn_mod_0000130,2015-07-04,TN,Nashville,,1,0,36.077678,-86.813590
nashville_tn_mod_0000131,2015-06-08,TN,Nashville,,1,0,36.123826,-86.676598
nashville_tn_mod_0000132,2015-01-23,TN,Nashville,,1,0,36.188860,-86.563561
nashville_tn_mod_0000133,2015-09-26,TN,Nashville,,1,0,36.167061,-86.761950
nashville_tn_mod_0000134,2015-03-01,TN,Nashville,,1,0,36.189731,-86.947761
nashville_tn_mod_0000135,2015-09-12,TN,Nashville,,1,0,36.066487,-86.936673
nashville_tn_mod_0000136,2015-08-26,TN,Nashville,,1,0,36.092104,-86.553202
nashville_tn_mod_0000137,2015-05-08,TN,Nashville,,1,0,36.125643,-86.912226
nashville_tn_mod_0000138,2015-09-19,TN,Nashville,,1,0,36.076656,-86.637545
nashville_tn_mod_0000139,2015-12-25,TN,Nashville,,1,0,36.069861,-86.651577
nashville_tn_mod_0000140,2015-07-29,TN,Nashville,,1,0,36.070847,-86.891231
nashville_tn_mod_0000141,2015-06-19,TN,Nashville,,1,0,36.171774,-86.794007
nashville_tn_mod_0000142,2015-12-13,TN,Nashville,,1,0,36.102963,-86.702280
nashville_tn_mod_0000143,2015-03-27,TN,Nashville,,1,0,36.179927,-86.723876
nashville_tn_mod_0000144,2015-02-16,TN,Nashville,,1,0,36.174062,-86.815353
nashville_tn_mod_0000145,2015-12-30,TN,Nashville,,1,0,36.108526,-86.862976
nashville_tn_mod_0000146,2015-01-11,TN,Nashville,,1,0,36.096052,-86.811170
nashville_tn_mod_0000147,2015-08-06,TN,Nashville,,1,0,36.074715,-86.536865
nashville_tn_mod_0000148,2015-10-16,TN,Nashville,,1,0,36.130993,-86.799707
nashville_tn_mod_0000149,2015-09-11,TN,Nashville,,1,0,36.074634,-86.716782
nashville_tn_mod_0000150,2015-04-09,TN,Nashville,,1,0,36.059394,-86.596561
nashville_tn_mod_0000151,2015-08-01,TN,Nashville,,1,0,36.131556,-86.800905
nashville_tn_mod_0000152,2015-02-05,TN,Nashville,,1,0,36.113050,-86.757630
nashville_tn_mod_0000153,2015-11-21,TN,Nashville,,1,0,36.193615,-86.776841
nashville_tn_mod_0000154,2015-12-21,TN,Nashville,,1,0,36.178364,-86.778188
nashville_tn_mod_0000155,2015-05-12,TN,Nashville,,1,0,36.120595,-86.867342
nashville_tn_mod_0000156,2015-06-12,TN,Nashville,,1,0,36.131511,-86.536756
nashville_tn_mod_0000157,2015-08-04,TN,Nashville,,1,0,36.083074,-86.585637
nashville_tn_mod_0000158,2015-12-27,TN,Nashville,,1,0,36.082335,-86.623809
nashville_tn_mod_0000159,2015-10-14,TN,Nashville,,1,0,36.086917,-86.736199
nashville_tn_mod_0000160,2015-04-29,TN,Nashville,,1,0,36.199590,-86.735143
nashville_tn_mod_0000161,2015-08-16,TN,Nashville,,1,0,36.154374,-86.566680
nashville_tn_mod_0000162,2015-01-03,TN,Nashville,,1,0,36.059807,-86.529973
nashville_tn_mod_0000163,2015-07-05,TN,Nashville,,1,0,36.126359,-86.679476
nashville_tn_mod_0000164,2015-03-08,TN,Nashville,,1,0,36.166844,-86.683968
nashville_tn_mod_0000165,2015-01-21,TN,Nashville,,1,0,36.160025,-86.702091
nashville_tn_mod_0000166,2015-09-23,TN,Nashville,,1,0,36.125404,-86.930042
nashville_tn_mod_0000167,2015-08-28,TN,Nashville,,1,0,36.194972,-86.815649
nashville_tn_mod_0000168,2015-04-12,TN,Nashville,,1,0,36.142374,-86.677656
nashville_tn_mod_0000169,2015-05-31,TN,Nashville,,1,0,36.120826,-86.694231
nashville_tn_mod_0000170,2015-04-10,TN,Nashville,,1,0,36.101795,-86.932428
nashville_tn_mod_0000171,2015-06-06,TN,Nashville,,1,0,36.119046,-86.735288
nashville_tn_mod_0000172,2015-03-31,TN,Nashville,,1,0,36.104993,-86.633149
nashville_tn_mod_0000173,2015-11-09,TN,Nashville,,1,0,36.075422,-86.739309
nashville_tn_mod_0000174,2015-07-13,TN,Nashville,,1,0,36.089512,-86.849253
nashville_tn_mod_0000175,2015-04-06,TN,Nashville,,1,0,36.057970,-86.612082
nashville_tn_mod_0000176,2015-01-21,TN,Nashville,,1,0,36.150344,-86.642342
nashville_tn_mod_0000177,2015-04-16,TN,Nashville,,1,0,36.127056,-86.720908
nashville_tn_mod_0000178,2015-05-26,TN,Nashville,,1,0,36.196354,-86.740181
nashville_tn_mod_0000179,2015-01-23,TN,Nashville,,1,0,36.140167,-86.732875
nashville_tn_mod_0000180,2015-02-03,TN,Nashville,,1,0,36.070587,-86.575668
nashville_tn_mod_0000181,2015-08-17,TN,Nashville,,1,0,36.154302,-86.893055
nashville_tn_mod_0000182,2015-07-16,TN,Nashville,,1,0,36.197729,-86.917647
nashville_tn_mod_0000183,2015-10-14,TN,Nashville,,1,0,36.169114,-86.767691
nashville_tn_mod_0000184,2015-10-16,TN,Nashville,,1,0,36.150018,-86.831414
nashville_tn_mod_0000185,2015-06-26,TN,Nashville,,1,0,36.168617,-86.568238
nashville_tn_mod_0000186,2015-01-27,TN,Nashville,,1,0,36.139209,-86.821196
nashville_tn_mod_0000187,2015-08-22,TN,Nashville,,1,0,36.119370,-86.801238
nashville_tn_mod_0000188,2015-11-16,TN,Nashville,,1,0,36.183856,-86.640403
nashville_tn_mod_0000189,2015-08-15,TN,Nashville,,1,0,36.060820,-86.593501
nashville_tn_mod_0000190,2015-07-08,TN,Nashville,,1,0,36.166673,-86.543267
nashville_tn_mod_0000191,2015-04-13,TN,Nashville,,1,0,36.185489,-86.625667
nashville_tn_mod_0000192,2015-05-02,TN,Nashville,,1,0,36.169337,-86.556921
nashville_tn_mod_0000193,2015-03-08,TN,Nashville,,1,0,36.116233,-86.544348
nashville_tn_mod_0000194,2015-06-14,TN,Nashville,,1,0,36.142693,-86.835198
nashville_tn_mod_0000195,2015-10-18,TN,Nashville,,1,0,36.184143,-86.818005
nashville_tn_mod_0000196,2015-10-28,TN,Nashville,,1,0,36.066774,-86.832091
nashville_tn_mod_0000197,2015-02-17,TN,Nashville,,1,0,36.157225,-86.834754
nashville_tn_mod_0000198,2015-09-19,TN,Nashville,,1,0,36.142228,-86.719956
nashville_tn_mod_0000199,2015-10-18,TN,Nashville,,1,0,36.069481,-86.940330
nashville_tn_mod_0000200,2015-06-23,TN,Nashville,,1,0,36.127486,-86.730684
nashville_tn_mod_0000201,2016-08-30,TN,Nashville,,1,0,36.116146,-86.875644
nashville_tn_mod_0000202,2016-01-23,TN,Nashville,,1,0,36.185852,-86.795614
nashville_tn_mod_0000203,2016-02-23,TN,Nashville,,1,0,36.072467,-86.654898
nashville_tn_mod_0000204,2016-09-09,TN,Nashville,,1,0,36.100268,-86.811422
nashville_tn_mod_0000205,2016-06-15,TN,Nashville,,1,0,36.079393,-86.511505
nashville_tn_mod_0000206,2016-02-17,TN,Nashville,,1,0,36.114055,-86.615117
nashville_tn_mod_0000207,2016-05-14,TN,Nashville,,1,0,36.149579,-86.855557
nashville_tn_mod_0000208,2016-06-08,TN,Nashville,,1,0,36.155632,-86.737774
nashville_tn_mod_0000209,2016-02-11,TN,Nashville,,1,0,36.081542,-86.640209
nashville_tn_mod_0000210,2016-09-15,TN,Nashville,,1,0,36.178869,-86.602020
nashville_tn_mod_0000211,2016-09-29,TN,Nashville,,1,0,36.090956,-86.659353
nashville_tn_mod_0000212,2016-10-26,TN,Nashville,,1,0,36.054961,-86.587127
nashville_tn_mod_0000213,2016-02-23,TN,Nashville,,1,0,36.112115,-86.745350
nashville_tn_mod_0000214,2016-03-29,TN,Nashville,,1,0,36.165910,-86.693999
nashville_tn_mod_0000215,2016-12-07,TN,Nashville,,1,0,36.151612,-86.898560
nashville_tn_mod_0000216,2016-08-15,TN,Nashville,,1,0,36.169621,-86.828238
nashville_tn_mod_0000217,2016-01-22,TN,Nashville,,1,0,36.107333,-86.894668
nashville_tn_mod_0000218,2016-08-08,TN,Nashville,,1,0,36.122684,-86.710397
nashville_tn_mod_0000219,2016-04-02,TN,Nashville,,1,0,36.068062,-86.798238
nashville_tn_mod_0000220,2016-03-24,TN,Nashville,,1,0,36.143993,-86.525446
nashville_tn_mod_0000221,2016-09-18,TN,Nashville,,1,0,36.179404,-86.550914
nashville_tn_mod_0000222,2016-10-12,TN,Nashville,,1,0,36.087716,-86.513809
nashville_tn_mod_0000223,2016-11-01,TN,Nashville,,1,0,36.135530,-86.903574
nashville_tn_mod_0000224,2016-07-20,TN,Nashville,,1,0,36.130367,-86.530257
nashville_tn_mod_0000225,2016-02-15,TN,Nashville,,1,0,36.135261,-86.732840
nashville_tn_mod_0000226,2016-03-08,TN,Nashville,,1,0,36.060878,-86.850850
nashville_tn_mod_0000227,2016-05-25,TN,Nashville,,1,0,36.182611,-86.918277
nashville_tn_mod_0000228,2016-06-09,TN,Nashville,,1,0,36.067274,-86.668605
nashville_tn_mod_0000229,2016-11-23,TN,Nashville,,1,0,36.146334,-86.758124
nashville_tn_mod_0000230,2016-05-07,TN,Nashville,,1,0,36.103187,-86.934491
nashville_tn_mod_0000231,2016-03-17,TN,Nashville,,1,0,36.173396,-86.819302
nashville_tn_mod_0000232,2016-12-24,TN,Nashville,,1,0,36.166918,-86.566715
nashville_tn_mod_0000233,2016-06-04,TN,Nashville,,1,0,36.069746,-86.892685
nashville_tn_mod_0000234,2016-05-14,TN,Nashville,,1,0,36.164806,-86.872108
nashville_tn_mod_0000235,2016-08-20,TN,Nashville,,1,0,36.170590,-86.904259
nashville_tn_mod_0000236,2016-12-09,TN,Nashville,,1,0,36.166213,-86.723992
nashville_tn_mod_0000237,2016-10-27,TN,Nashville,,1,0,36.135999,-86.720444
nashville_tn_mod_0000238,2016-04-10,TN,Nashville,,1,0,36.051712,-86.794984
nashville_tn_mod_0000239,2016-11-13,TN,Nashville,,1,0,36.064745,-86.765990
nashville_tn_mod_0000240,2016-07-28,TN,Nashville,,1,0,36.100765,-86.880305
nashville_tn_mod_0000241,2016-05-13,TN,Nashville,,1,0,36.118636,-86.512151
nashville_tn_mod_0000242,2016-08-24,TN,Nashville,,1,0,36.091826,-86.750129
nashville_tn_mod_0000243,2016-05-28,TN,Nashville,,1,0,36.114107,-86.920817
nashville_tn_mod_0000244,2016-04-07,TN,Nashville,,1,0,36.150496,-86.861536
nashville_tn_mod_0000245,2016-07-28,TN,Nashville,,1,0,36.071285,-86.674181
nashville_tn_mod_0000246,2016-12-26,TN,Nashville,,1,0,36.182189,-86.862244
nashville_tn_mod_0000247,2016-04-25,TN,Nashville,,1,0,36.054279,-86.895350
nashville_tn_mod_0000248,2016-01-24,TN,Nashville,,1,0,36.092874,-86.545532
nashville_tn_mod_0000249,2016-10-22,TN,Nashville,,1,0,36.126564,-86.717056
nashville_tn_mod_0000250,2016-08-15,TN,Nashville,,1,0,36.181251,-86.944726
nashville_tn_mod_0000251,2016-11-16,TN,Nashville,,1,0,36.156787,-86.632817
nashville_tn_mod_0000252,2016-07-17,TN,Nashville,,1,0,36.094076,-86.529923
nashville_tn_mod_0000253,2016-09-17,TN,Nashville,,1,0,36.174745,-86.905501
nashville_tn_mod_0000254,2016-01-13,TN,Nashville,,1,0,36.065540,-86.596089
nashville_tn_mod_0000255,2016-05-31,TN,Nashville,,1,0,36.090453,-86.681180
nashville_tn_mod_0000256,2016-05-28,TN,Nashville,,1,0,36.082554,-86.738923
nashville_tn_mod_0000257,2016-05-21,TN,Nashville,,1,0,36.154643,-86.831281
nashville_tn_mod_0000258,2016-02-21,TN,Nashville,,1,0,36.132141,-86.696892
nashville_tn_mod_0000259,2016-05-12,TN,Nashville,,1,0,36.068904,-86.765582
nashville_tn_mod_0000260,2016-01-16,TN,Nashville,,1,0,36.187711,-86.643701
nashville_tn_mod_0000261,2016-04-08,TN,Nashville,,1,0,36.072603,-86.741533
nashville_tn_mod_0000262,2016-11-10,TN,Nashville,,1,0,36.158565,-86.527409
nashville_tn_mod_0000263,2016-06-01,TN,Nashville,,1,0,36.099156,-86.553786
nashville_tn_mod_0000264,2016-04-17,TN,Nashville,,1,0,36.191025,-86.576793
nashville_tn_mod_0000265,2016-12-27,TN,Nashville,,1,0,36.068818,-86.680713
nashville_tn_mod_0000266,2016-05-31,TN,Nashville,,1,0,36.050775,-86.703431
nashville_tn_mod_0000267,2016-12-05,TN,Nashville,,1,0,36.106016,-86.732791
nashville_tn_mod_0000268,2016-04-16,TN,Nashville,,1,0,36.132785,-86.707711
nashville_tn_mod_0000269,2016-01-30,TN,Nashville,,1,0,36.055644,-86.545092
nashville_tn_mod_0000270,2016-10-18,TN,Nashville,,1,0,36.059494,-86.810975
nashville_tn_mod_0000271,2016-11-11,TN,Nashville,,1,0,36.061917,-86.901407
nashville_tn_mod_0000272,2016-04-30,TN,Nashville,,1,0,36.104373,-86.844844
nashville_tn_mod_0000273,2016-09-06,TN,Nashville,,1,0,36.080416,-86.742725
nashville_tn_mod_0000274,2016-04-10,TN,Nashville,,1,0,36.187090,-86.680376
nashville_tn_mod_0000275,2016-06-04,TN,Nashville,,1,0,36.132485,-86.511355
nashville_tn_mod_0000276,2016-01-26,TN,Nashville,,1,0,36.082052,-86.608890
nashville_tn_mod_0000277,2016-01-07,TN,Nashville,,1,0,36.133485,-86.796313
nashville_tn_mod_0000278,2016-12-20,TN,Nashville,,1,0,36.142064,-86.808904
nashville_tn_mod_0000279,2016-04-20,TN,Nashville,,1,0,36.059891,-86.617236
nashville_tn_mod_0000280,2016-10-04,TN,Nashville,,1,0,36.181310,-86.576948
nashville_tn_mod_0000281,2016-07-28,TN,Nashville,,1,0,36.122906,-86.720210
nashville_tn_mod_0000282,2016-03-30,TN,Nashville,,1,0,36.130337,-86.829764
nashville_tn_mod_0000283,2016-03-26,TN,Nashville,,1,0,36.100651,-86.948944
nashville_tn_mod_0000284,2016-06-01,TN,Nashville,,1,0,36.196154,-86.523530
nashville_tn_mod_0000285,2016-04-23,TN,Nashville,,1,0,36.177534,-86.798482
nashville_tn_mod_0000286,2016-06-05,TN,Nashville,,1,0,36.178911,-86.747760
nashville_tn_mod_0000287,2016-11-14,TN,Nashville,,1,0,36.166349,-86.569837
nashville_tn_mod_0000288,2016-07-08,TN,Nashville,,1,0,36.154448,-86.839509
nashville_tn_mod_0000289,2016-10-07,TN,Nashville,,1,0,36.110792,-86.707152
nashville_tn_mod_0000290,2016-04-29,TN,Nashville,,1,0,36.095839,-86.808525
nashville_tn_mod_0000291,2016-07-04,TN,Nashville,,1,0,36.065427,-86.665569
nashville_tn_mod_0000292,2016-09-05,TN,Nashville,,1,0,36.197073,-86.779497
nashville_tn_mod_0000293,2016-03-15,TN,Nashville,,1,0,36.150666,-86.842308
nashville_tn_mod_0000294,2016-10-10,TN,Nashville,,1,0,36.085625,-86.666794
nashville_tn_mod_0000295,2016-02-24,TN,Nashville,,1,0,36.081357,-86.733862
nashville_tn_mod_0000296,2016-01-27,TN,Nashville,,1,0,36.071036,-86.931120
nashville_tn_mod_0000297,2016-12-23,TN,Nashville,,1,0,36.088971,-86.523080
nashville_tn_mod_0000298,2016-04-24,TN,Nashville,,1,0,36.091483,-86.888087
nashville_tn_mod_0000299,2016-05-26,TN,Nashville,,1,0,36.061833,-86.871171
nashville_tn_mod_0000300,2016-09-01,TN,Nashville,,1,0,36.147546,-86.829843
nashville_tn_mod_0000301,2017-11-04,TN,Nashville,,1,0,36.166542,-86.799469
nashville_tn_mod_0000302,2017-05-12,TN,Nashville,,1,0,36.167370,-86.574993
nashville_tn_mod_0000303,2017-07-08,TN,Nashville,,1,0,36.178877,-86.733670
nashville_tn_mod_0000304,2017-06-27,TN,Nashville,,1,0,36.143471,-86.832123
nashville_tn_mod_0000305,2017-03-19,TN,Nashville,,1,0,36.119122,-86.900625
nashville_tn_mod_0000306,2017-11-21,TN,Nashville,,1,0,36.075786,-86.507769
nashville_tn_mod_0000307,2017-02-28,TN,Nashville,,1,0,36.156101,-86.686317
nashville_tn_mod_0000308,2017-11-22,TN,Nashville,,1,0,36.076390,-86.618288
nashville_tn_mod_0000309,2017-06-19,TN,Nashville,,1,0,36.192133,-86.683210
nashville_tn_mod_0000310,2017-06-21,TN,Nashville,,1,0,36.126599,-86.862501
nashville_tn_mod_0000311,2017-02-02,TN,Nashville,,1,0,36.148089,-86.573503
nashville_tn_mod_0000312,2017-07-14,TN,Nashville,,1,0,36.081263,-86.559477
nashville_tn_mod_0000313,2017-02-03,TN,Nashville,,1,0,36.109547,-86.579913
nashville_tn_mod_0000314,2017-08-29,TN,Nashville,,1,0,36.090128,-86.790053
nashville_tn_mod_0000315,2017-10-24,TN,Nashville,,1,0,36.103041,-86.770130
nashville_tn_mod_0000316,2017-09-15,TN,Nashville,,1,0,36.160534,-86.718252
nashville_tn_mod_0000317,2017-05-25,TN,Nashville,,1,0,36.064098,-86.767127
nashville_tn_mod_0000318,2017-12-12,TN,Nashville,,1,0,36.101643,-86.720173
nashville_tn_mod_0000319,2017-08-16,TN,Nashville,,1,0,36.080121,-86.860045
nashville_tn_mod_0000320,2017-01-29,TN,Nashville,,1,0,36.141227,-86.912495
nashville_tn_mod_0000321,2017-07-02,TN,Nashville,,1,0,36.182853,-86.529059
nashville_tn_mod_0000322,2017-01-08,TN,Nashville,,1,0,36.187805,-86.873799
nashville_tn_mod_0000323,2017-09-11,TN,Nashville,,1,0,36.076938,-86.573819
nashville_tn_mod_0000324,2017-02-11,TN,Nashville,,1,0,36.081113,-86.647814
nashville_tn_mod_0000325,2017-05-11,TN,Nashville,,1,0,36.143743,-86.715266
nashville_tn_mod_0000326,2017-05-18,TN,Nashville,,1,0,36.119695,-86.657782
nashville_tn_mod_0000327,2017-10-13,TN,Nashville,,1,0,36.067286,-86.590472
nashville_tn_mod_0000328,2017-12-18,TN,Nashville,,1,0,36.089596,-86.712454
nashville_tn_mod_0000329,2017-03-23,TN,Nashville,,1,0,36.133630,-86.809770
nashville_tn_mod_0000330,2017-05-16,TN,Nashville,,1,0,36.175782,-86.567858
nashville_tn_mod_0000331,2017-08-29,TN,Nashville,,1,0,36.199182,-86.616842
nashville_tn_mod_0000332,2017-03-09,TN,Nashville,,1,0,36.152431,-86.755128
nashville_tn_mod_0000333,2017-08-27,TN,Nashville,,1,0,36.148557,-86.670259
nashville_tn_mod_0000334,2017-04-12,TN,Nashville,,1,0,36.183713,-86.714948
nashville_tn_mod_0000335,2017-01-15,TN,Nashville,,1,0,36.180110,-86.536789
nashville_tn_mod_0000336,2017-09-27,TN,Nashville,,1,0,36.051174,-86.782632
nashville_tn_mod_0000337,2017-04-08,TN,Nashville,,1,0,36.139763,-86.790668
nashville_tn_mod_0000338,2017-01-27,TN,Nashville,,1,0,36.151570,-86.597284
nashville_tn_mod_0000339,2017-08-24,TN,Nashville,,1,0,36.146038,-86.512986
nashville_tn_mod_0000340,2017-11-09,TN,Nashville,,1,0,36.084864,-86.947867
nashville_tn_mod_0000341,2017-12-30,TN,Nashville,,1,0,36.068160,-86.791441
nashville_tn_mod_0000342,2017-05-06,TN,Nashville,,1,0,36.091677,-86.870410
nashville_tn_mod_0000343,2017-03-15,TN,Nashville,,1,0,36.072839,-86.541294
nashville_tn_mod_0000344,2017-09-20,TN,Nashville,,1,0,36.097283,-86.662519
nashville_tn_mod_0000345,2017-12-21,TN,Nashville,,1,0,36.133430,-86.597393
nashville_tn_mod_0000346,2017-07-23,TN,Nashville,,1,0,36.099125,-86.843952
nashville_tn_mod_0000347,2017-10-01,TN,Nashville,,1,0,36.131382,-86.901036
nashville_tn_mod_0000348,2017-03-12,TN,Nashville,,1,0,36.110166,-86.666339
nashville_tn_mod_0000349,2017-03-01,TN,Nashville,,1,0,36.197693,-86.826039
nashville_tn_mod_0000350,2017-02-27,TN,Nashville,,1,0,36.125948,-86.613859
nashville_tn_mod_0000351,2017-05-05,TN,Nashville,,1,0,36.152218,-86.755071
nashville_tn_mod_0000352,2017-08-01,TN,Nashville,,1,0,36.123656,-86.717576
nashville_tn_mod_0000353,2017-03-27,TN,Nashville,,1,0,36.103728,-86.601341
nashville_tn_mod_0000354,2017-09-17,TN,Nashville,,1,0,36.160775,-86.924826
nashville_tn_mod_0000355,2017-07-29,TN,Nashville,,1,0,36.055018,-86.563857
nashville_tn_mod_0000356,2017-06-24,TN,Nashville,,1,0,36.059874,-86.949409
nashville_tn_mod_0000357,2017-08-13,TN,Nashville,,1,0,36.147208,-86.801935
nashville_tn_mod_0000358,2017-12-07,TN,Nashville,,1,0,36.145614,-86.503300
nashville_tn_mod_0000359,2017-09-10,TN,Nashville,,1,0,36.118877,-86.732898
nashville_tn_mod_0000360,2017-06-28,TN,Nashville,,1,0,36.127683,-86.859831
nashville_tn_mod_0000361,2017-05-04,TN,Nashville,,1,0,36.100515,-86.610446
nashville_tn_mod_0000362,2017-10-07,TN,Nashville,,1,0,36.128531,-86.666389
nashville_tn_mod_0000363,2017-11-06,TN,Nashville,,1,0,36.139192,-86.865093
nashville_tn_mod_0000364,2017-11-22,TN,Nashville,,1,0,36.176777,-86.940956
nashville_tn_mod_0000365,2017-02-18,TN,Nashville,,1,0,36.169125,-86.829202
nashville_tn_mod_0000366,2017-08-28,TN,Nashville,,1,0,36.138733,-86.845219
nashville_tn_mod_0000367,2017-12-07,TN,Nashville,,1,0,36.107981,-86.624937
nashville_tn_mod_0000368,2017-10-24,TN,Nashville,,1,0,36.102973,-86.806123
nashville_tn_mod_0000369,2017-10-18,TN,Nashville,,1,0,36.084606,-86.826000
nashville_tn_mod_0000370,2017-08-02,TN,Nashville,,1,0,36.086647,-86.708069
nashville_tn_mod_0000371,2017-10-28,TN,Nashville,,1,0,36.172197,-86.908687
nashville_tn_mod_0000372,2017-12-27,TN,Nashville,,1,0,36.148359,-86.625200
nashville_tn_mod_0000373,2017-03-11,TN,Nashville,,1,0,36.092633,-86.665472
nashville_tn_mod_0000374,2017-10-08,TN,Nashville,,1,0,36.109311,-86.750623
nashville_tn_mod_0000375,2017-06-13,TN,Nashville,,1,0,36.132646,-86.893047
nashville_tn_mod_0000376,2017-07-30,TN,Nashville,,1,0,36.066458,-86.900082
nashville_tn_mod_0000377,2017-11-12,TN,Nashville,,1,0,36.168481,-86.642241
nashville_tn_mod_0000378,2017-01-10,TN,Nashville,,1,0,36.050460,-86.651642
nashville_tn_mod_0000379,2017-05-06,TN,Nashville,,1,0,36.136605,-86.731049
nashville_tn_mod_0000380,2017-09-27,TN,Nashville,,1,0,36.153910,-86.504245
nashville_tn_mod_0000381,2017-03-06,TN,Nashville,,1,0,36.187548,-86.640521
nashville_tn_mod_0000382,2017-01-28,TN,Nashville,,1,0,36.154556,-86.503498
nashville_tn_mod_0000383,2017-05-15,TN,Nashville,,1,0,36.059785,-86.751099
nashville_tn_mod_0000384,2017-09-05,TN,Nashville,,1,0,36.101734,-86.851730
nashville_tn_mod_0000385,2017-02-10,TN,Nashville,,1,0,36.083371,-86.710977
nashville_tn_mod_0000386,2017-10-07,TN,Nashville,,1,0,36.157638,-86.877353
nashville_tn_mod_0000387,2017-07-10,TN,Nashville,,1,0,36.074141,-86.722130
nashville_tn_mod_0000388,2017-04-29,TN,Nashville,,1,0,36.198453,-86.501392
nashville_tn_mod_0000389,2017-03-05,TN,Nashville,,1,0,36.144723,-86.775894
nashville_tn_mod_0000390,2017-09-06,TN,Nashville,,1,0,36.125892,-86.537354
nashville_tn_mod_0000391,2017-10-25,TN,Nashville,,1,0,36.099266,-86.858368
nashville_tn_mod_0000392,2017-05-15,TN,Nashville,,1,0,36.091544,-86.719920
nashville_tn_mod_0000393,2017-09-03,TN,Nashville,,1,0,36.162867,-86.920776
nashville_tn_mod_0000394,2017-05-13,TN,Nashville,,1,0,36.194097,-86.727504
nashville_tn_mod_0000395,2017-11-18,TN,Nashville,,1,0,36.144611,-86.858301
nashville_tn_mod_0000396,2017-01-25,TN,Nashville,,1,0,36.117355,-86.631895
nashville_tn_mod_0000397,2017-05-31,TN,Nashville,,1,0,36.093593,-86.922679
nashville_tn_mod_0000398,2017-06-25,TN,Nashville,,1,0,36.149020,-86.770872
nashville_tn_mod_0000399,2017-02-06,TN,Nashville,,1,0,36.085233,-86.755726
nashville_tn_mod_0000400,2017-08-17,TN,Nashville,,1,0,36.164850,-86.762519
nashville_tn_mod_0000401,2018-06-02,TN,Nashville,,1,0,36.164551,-86.943405
nashville_tn_mod_0000402,2018-01-12,TN,Nashville,,1,0,36.169350,-86.569204
nashville_tn_mod_0000403,2018-07-31,TN,Nashville,,1,0,36.177411,-86.688881
nashville_tn_mod_0000404,2018-12-02,TN,Nashville,,1,0,36.053888,-86.772701
nashville_tn_mod_0000405,2018-12-01,TN,Nashville,,1,0,36.139414,-86.792629
nashville_tn_mod_0000406,2018-09-17,TN,Nashville,,1,0,36.058755,-86.780040
nashville_tn_mod_0000407,2018-05-27,TN,Nashville,,1,0,36.190845,-86.858617
nashville_tn_mod_0000408,2018-09-11,TN,Nashville,,1,0,36.105043,-86.898283
nashville_tn_mod_0000409,2018-07-20,TN,Nashville,,1,0,36.068247,-86.905020
nashville_tn_mod_0000410,2018-07-06,TN,Nashville,,1,0,36.078730,-86.577644
nashville_tn_mod_0000411,2018-02-26,TN,Nashville,,1,0,36.169479,-86.789433
nashville_tn_mod_0000412,2018-11-26,TN,Nashville,,1,0,36.167185,-86.676251
nashville_tn_mod_0000413,2018-10-16,TN,Nashville,,1,0,36.097940,-86.515869
nashville_tn_mod_0000414,2018-07-19,TN,Nashville,,1,0,36.131745,-86.523689
nashville_tn_mod_0000415,2018-10-08,TN,Nashville,,1,0,36.070685,-86.875335
nashville_tn_mod_0000416,2018-03-14,TN,Nashville,,1,0,36.122189,-86.747085
nashville_tn_mod_0000417,2018-08-18,TN,Nashville,,1,0,36.096008,-86.671719
nashville_tn_mod_0000418,2018-06-29,TN,Nashville,,1,0,36.056555,-86.576602
nashville_tn_mod_0000419,2018-02-05,TN,Nashville,,1,0,36.159638,-86.642484
nashville_tn_mod_0000420,2018-09-11,TN,Nashville,,1,0,36.115677,-86.925530
nashville_tn_mod_0000421,2018-12-04,TN,Nashville,,1,0,36.138182,-86.569393
nashville_tn_mod_0000422,2018-07-04,TN,Nashville,,1,0,36.132409,-86.773995
nashville_tn_mod_0000423,2018-08-10,TN,Nashville,,1,0,36.114503,-86.632923
nashville_tn_mod_0000424,2018-05-08,TN,Nashville,,1,0,36.170790,-86.874599
nashville_tn_mod_0000425,2018-08-09,TN,Nashville,,1,0,36.096753,-86.718496
nashville_tn_mod_0000426,2018-01-06,TN,Nashville,,1,0,36.107683,-86.664217
nashville_tn_mod_0000427,2018-10-18,TN,Nashville,,1,0,36.050912,-86.892158
nashville_tn_mod_0000428,2018-03-25,TN,Nashville,,1,0,36.164913,-86.894383
nashville_tn_mod_0000429,2018-03-28,TN,Nashville,,1,0,36.053375,-86.839211
nashville_tn_mod_0000430,2018-10-09,TN,Nashville,,1,0,36.172087,-86.581678
nashville_tn_mod_0000431,2018-12-06,TN,Nashville,,1,0,36.118294,-86.641871
nashville_tn_mod_0000432,2018-11-25,TN,Nashville,,1,0,36.126177,-86.617338
nashville_tn_mod_0000433,2018-10-31,TN,Nashville,,1,0,36.122566,-86.826028
nashville_tn_mod_0000434,2018-01-09,TN,Nashville,,1,0,36.058523,-86.807371
nashville_tn_mod_0000435,2018-04-18,TN,Nashville,,1,0,36.156604,-86.935738
nashville_tn_mod_0000436,2018-06-28,TN,Nashville,,1,0,36.171561,-86.795660
nashville_tn_mod_0000437,2018-07-10,TN,Nashville,,1,0,36.103690,-86.925964
nashville_tn_mod_0000438,2018-03-14,TN,Nashville,,1,0,36.182785,-86.738115
nashville_tn_mod_0000439,2018-09-05,TN,Nashville,,1,0,36.112913,-86.870981
nashville_tn_mod_0000440,2018-04-07,TN,Nashville,,1,0,36.150213,-86.518716
nashville_tn_mod_0000441,2018-02-15,TN,Nashville,,1,0,36.147015,-86.692997
nashville_tn_mod_0000442,2018-07-15,TN,Nashville,,1,0,36.156180,-86.557562
nashville_tn_mod_0000443,2018-07-20,TN,Nashville,,1,0,36.051139,-86.628395
nashville_tn_mod_0000444,2018-01-25,TN,Nashville,,1,0,36.150141,-86.679109
nashville_tn_mod_0000445,2018-07-31,TN,Nashville,,1,0,36.185398,-86.504483
nashville_tn_mod_0000446,2018-09-02,TN,Nashville,,1,0,36.094840,-86.636230
nashville_tn_mod_0000447,2018-11-11,TN,Nashville,,1,0,36.053909,-86.623713
nashville_tn_mod_0000448,2018-11-13,TN,Nashville,,1,0,36.120561,-86.747395
nashville_tn_mod_0000449,2018-05-21,TN,Nashville,,1,0,36.154952,-86.615175
nashville_tn_mod_0000450,2018-06-03,TN,Nashville,,1,0,36.096615,-86.901900
nashville_tn_mod_0000451,2018-03-30,TN,Nashville,,1,0,36.176914,-86.756274
nashville_tn_mod_0000452,2018-03-22,TN,Nashville,,1,0,36.168482,-86.539777
nashville_tn_mod_0000453,2018-04-22,TN,Nashville,,1,0,36.172778,-86.678949
nashville_tn_mod_0000454,2018-03-11,TN,Nashville,,1,0,36.192219,-86.591632
nashville_tn_mod_0000455,2018-08-31,TN,Nashville,,1,0,36.188100,-86.620242
nashville_tn_mod_0000456,2018-02-21,TN,Nashville,,1,0,36.178593,-86.781659
nashville_tn_mod_0000457,2018-05-08,TN,Nashville,,1,0,36.067500,-86.612802
nashville_tn_mod_0000458,2018-05-08,TN,Nashville,,1,0,36.194882,-86.735657
nashville_tn_mod_0000459,2018-05-27,TN,Nashville,,1,0,36.170131,-86.730943
nashville_tn_mod_0000460,2018-12-03,TN,Nashville,,1,0,36.191632,-86.745094
nashville_tn_mod_0000461,2018-08-11,TN,Nashville,,1,0,36.063474,-86.922757
nashville_tn_mod_0000462,2018-01-24,TN,Nashville,,1,0,36.122743,-86.710918
nashville_tn_mod_0000463,2018-06-04,TN,Nashville,,1,0,36.130339,-86.642653
nashville_tn_mod_0000464,2018-04-08,TN,Nashville,,1,0,36.138910,-86.848916
nashville_tn_mod_0000465,2018-11-19,TN,Nashville,,1,0,36.167182,-86.816769
nashville_tn_mod_0000466,2018-06-03,TN,Nashville,,1,0,36.148289,-86.721471
nashville_tn_mod_0000467,2018-10-23,TN,Nashville,,1,0,36.096361,-86.678168
nashville_tn_mod_0000468,2018-12-01,TN,Nashville,,1,0,36.059603,-86.859350
nashville_tn_mod_0000469,2018-11-19,TN,Nashville,,1,0,36.057761,-86.874250
nashville_tn_mod_0000470,2018-02-24,TN,Nashville,,1,0,36.092483,-86.525215
nashville_tn_mod_0000471,2018-03-07,TN,Nashville,,1,0,36.100055,-86.835958
nashville_tn_mod_0000472,2018-01-05,TN,Nashville,,1,0,36.128735,-86.516474
nashville_tn_mod_0000473,2018-09-11,TN,Nashville,,1,0,36.178765,-86.778112
nashville_tn_mod_0000474,2018-05-05,TN,Nashville,,1,0,36.125979,-86.679885
nashville_tn_mod_0000475,2018-10-01,TN,Nashville,,1,0,36.059974,-86.838732
nashville_tn_mod_0000476,2018-11-27,TN,Nashville,,1,0,36.058437,-86.677638
nashville_tn_mod_0000477,2018-02-10,TN,Nashville,,1,0,36.126615,-86.611318
nashville_tn_mod_0000478,2018-10-23,TN,Nashville,,1,0,36.128512,-86.901100
nashville_tn_mod_0000479,2018-09-13,TN,Nashville,,1,0,36.174487,-86.882745
nashville_tn_mod_0000480,2018-01-05,TN,Nashville,,1,0,36.055365,-86.665327
nashville_tn_mod_0000481,2018-07-20,TN,Nashville,,1,0,36.086923,-86.917248
nashville_tn_mod_0000482,2018-06-05,TN,Nashville,,1,0,36.155127,-86.618658
nashville_tn_mod_0000483,2018-09-05,TN,Nashville,,1,0,36.103999,-86.603744
nashville_tn_mod_0000484,2018-12-09,TN,Nashville,,1,0,36.084753,-86.605967
nashville_tn_mod_0000485,2018-06-23,TN,Nashville,,1,0,36.121037,-86.870302
nashville_tn_mod_0000486,2018-02-26,TN,Nashville,,1,0,36.107138,-86.520837
nashville_tn_mod_0000487,2018-08-23,TN,Nashville,,1,0,36.086285,-86.681610
nashville_tn_mod_0000488,2018-09-01,TN,Nashville,,1,0,36.085885,-86.854001
nashville_tn_mod_0000489,2018-12-05,TN,Nashville,,1,0,36.171880,-86.549466
nashville_tn_mod_0000490,2018-10-17,TN,Nashville,,1,0,36.153212,-86.864179
nashville_tn_mod_0000491,2018-09-08,TN,Nashville,,1,0,36.158227,-86.564482
nashville_tn_mod_0000492,2018-02-28,TN,Nashville,,1,0,36.138384,-86.736662
nashville_tn_mod_0000493,2018-04-19,TN,Nashville,,1,0,36.180947,-86.693946
nashville_tn_mod_0000494,2018-03-28,TN,Nashville,,1,0,36.174634,-86.893613
nashville_tn_mod_0000495,2018-12-02,TN,Nashville,,1,0,36.192205,-86.520370
nashville_tn_mod_0000496,2018-10-01,TN,Nashville,,1,0,36.104340,-86.745585
nashville_tn_mod_0000497,2018-01-24,TN,Nashville,,1,0,36.141724,-86.919365
nashville_tn_mod_0000498,2018-09-15,TN,Nashville,,1,0,36.071122,-86.890638
nashville_tn_mod_0000499,2018-06-29,TN,Nashville,,1,0,36.147318,-86.597424
nashville_tn_mod_0000500,2018-02-27,TN,Nashville,,1,0,36.075705,-86.639029
nashville_tn_mod_0000501,2019-09-09,TN,Nashville,,1,0,36.176542,-86.599791
nashville_tn_mod_0000502,2019-11-05,TN,Nashville,,1,0,36.111666,-86.645295
nashville_tn_mod_0000503,2019-12-19,TN,Nashville,,1,0,36.062539,-86.661305
nashville_tn_mod_0000504,2019-01-25,TN,Nashville,,1,0,36.121322,-86.602946
nashville_tn_mod_0000505,2019-09-13,TN,Nashville,,1,0,36.067720,-86.734234
nashville_tn_mod_0000506,2019-07-21,TN,Nashville,,1,0,36.178851,-86.830818
nashville_tn_mod_0000507,2019-10-14,TN,Nashville,,1,0,36.140248,-86.712874
nashville_tn_mod_0000508,2019-04-02,TN,Nashville,,1,0,36.060747,-86.767659
nashville_tn_mod_0000509,2019-06-04,TN,Nashville,,1,0,36.067361,-86.568393
nashville_tn_mod_0000510,2019-07-25,TN,Nashville,,1,0,36.125357,-86.861190
nashville_tn_mod_0000511,2019-09-14,TN,Nashville,,1,0,36.129029,-86.578930
nashville_tn_mod_0000512,2019-06-25,TN,Nashville,,1,0,36.196616,-86.836679
nashville_tn_mod_0000513,2019-06-05,TN,Nashville,,1,0,36.091883,-86.517185
nashville_tn_mod_0000514,2019-05-17,TN,Nashville,,1,0,36.168384,-86.873587
nashville_tn_mod_0000515,2019-12-10,TN,Nashville,,1,0,36.171192,-86.931342
nashville_tn_mod_0000516,2019-09-30,TN,Nashville,,1,0,36.180246,-86.699573
nashville_tn_mod_0000517,2019-05-11,TN,Nashville,,1,0,36.088720,-86.698142
nashville_tn_mod_0000518,2019-06-12,TN,Nashville,,1,0,36.196126,-86.675923
nashville_tn_mod_0000519,2019-03-22,TN,Nashville,,1,0,36.094628,-86.899239
nashville_tn_mod_0000520,2019-10-31,TN,Nashville,,1,0,36.143693,-86.749318
nashville_tn_mod_0000521,2019-10-14,TN,Nashville,,1,0,36.109906,-86.729968
nashville_tn_mod_0000522,2019-02-19,TN,Nashville,,1,0,36.149646,-86.588722
nashville_tn_mod_0000523,2019-08-30,TN,Nashville,,1,0,36.146129,-86.593819
nashville_tn_mod_0000524,2019-01-26,TN,Nashville,,1,0,36.077111,-86.826244
nashville_tn_mod_0000525,2019-07-02,TN,Nashville,,1,0,36.118055,-86.646759
nashville_tn_mod_0000526,2019-04-15,TN,Nashville,,1,0,36.069653,-86.647623
nashville_tn_mod_0000527,2019-11-18,TN,Nashville,,1,0,36.082518,-86.940284
nashville_tn_mod_0000528,2019-04-11,TN,Nashville,,1,0,36.165327,-86.635267
nashville_tn_mod_0000529,2019-12-06,TN,Nashville,,1,0,36.053573,-86.686483
nashville_tn_mod_0000530,2019-01-01,TN,Nashville,,1,0,36.081378,-86.625514
nashville_tn_mod_0000531,2019-07-05,TN,Nashville,,1,0,36.134909,-86.658763
nashville_tn_mod_0000532,2019-01-04,TN,Nashville,,1,0,36.060211,-86.581079
nashville_tn_mod_0000533,2019-06-08,TN,Nashville,,1,0,36.153563,-86.769656
nashville_tn_mod_0000534,2019-07-01,TN,Nashville,,1,0,36.101082,-86.535271
nashville_tn_mod_0000535,2019-11-11,TN,Nashville,,1,0,36.196367,-86.902162
nashville_tn_mod_0000536,2019-09-09,TN,Nashville,,1,0,36.075564,-86.591183
nashville_tn_mod_0000537,2019-07-05,TN,Nashville,,1,0,36.054092,-86.583111
nashville_tn_mod_0000538,2019-03-13,TN,Nashville,,1,0,36.104875,-86.937736
nashville_tn_mod_0000539,2019-04-16,TN,Nashville,,1,0,36.131744,-86.615360
nashville_tn_mod_0000540,2019-08-14,TN,Nashville,,1,0,36.169181,-86.784313
nashville_tn_mod_0000541,2019-07-14,TN,Nashville,,1,0,36.193653,-86.689075
nashville_tn_mod_0000542,2019-04-10,TN,Nashville,,1,0,36.073713,-86.660674
nashville_tn_mod_0000543,2019-09-26,TN,Nashville,,1,0,36.194315,-86.537716
nashville_tn_mod_0000544,2019-05-12,TN,Nashville,,1,0,36.188100,-86.879218
nashville_tn_mod_0000545,2019-06-21,TN,Nashville,,1,0,36.112913,-86.611481
nashville_tn_mod_0000546,2019-03-02,TN,Nashville,,1,0,36.183391,-86.858012
nashville_tn_mod_0000547,2019-05-01,TN,Nashville,,1,0,36.173274,-86.880272
nashville_tn_mod_0000548,2019-09-13,TN,Nashville,,1,0,36.137805,-86.933678
nashville_tn_mod_0000549,2019-04-17,TN,Nashville,,1,0,36.097189,-86.503066
nashville_tn_mod_0000550,2019-01-03,TN,Nashville,,1,0,36.169397,-86.625102
nashville_tn_mod_0000551,2019-08-20,TN,Nashville,,1,0,36.055510,-86.881317
nashville_tn_mod_0000552,2019-05-27,TN,Nashville,,1,0,36.182127,-86.821377
nashville_tn_mod_0000553,2019-07-27,TN,Nashville,,1,0,36.171784,-86.929273
nashville_tn_mod_0000554,2019-12-09,TN,Nashville,,1,0,36.058417,-86.734834
nashville_tn_mod_0000555,2019-02-08,TN,Nashville,,1,0,36.171357,-86.734179
nashville_tn_mod_0000556,2019-12-28,TN,Nashville,,1,0,36.173650,-86.786664
nashville_tn_mod_0000557,2019-11-07,TN,Nashville,,1,0,36.152466,-86.890569
nashville_tn_mod_0000558,2019-04-04,TN,Nashville,,1,0,36.101051,-86.754040
nashville_tn_mod_0000559,2019-05-13,TN,Nashville,,1,0,36.078837,-86.876027
nashville_tn_mod_0000560,2019-10-14,TN,Nashville,,1,0,36.119421,-86.570554
nashville_tn_mod_0000561,2019-06-17,TN,Nashville,,1,0,36.061015,-86.838545
nashville_tn_mod_0000562,2019-07-21,TN,Nashville,,1,0,36.065077,-86.660738
nashville_tn_mod_0000563,2019-09-24,TN,Nashville,,1,0,36.074259,-86.509401
nashville_tn_mod_0000564,2019-08-06,TN,Nashville,,1,0,36.149466,-86.811931
nashville_tn_mod_0000565,2019-12-31,TN,Nashville,,1,0,36.083298,-86.535390
nashville_tn_mod_0000566,2019-02-09,TN,Nashville,,1,0,36.179656,-86.916067
nashville_tn_mod_0000567,2019-12-14,TN,Nashville,,1,0,36.138705,-86.630191
nashville_tn_mod_0000568,2019-10-22,TN,Nashville,,1,0,36.124294,-86.690815
nashville_tn_mod_0000569,2019-03-05,TN,Nashville,,1,0,36.115528,-86.609553
nashville_tn_mod_0000570,2019-01-04,TN,Nashville,,1,0,36.183942,-86.637774
nashville_tn_mod_0000571,2019-04-27,TN,Nashville,,1,0,36.101912,-86.515481
nashville_tn_mod_0000572,2019-01-15,TN,Nashville,,1,0,36.127847,-86.770323
nashville_tn_mod_0000573,2019-03-18,TN,Nashville,,1,0,36.160528,-86.777250
nashville_tn_mod_0000574,2019-06-21,TN,Nashville,,1,0,36.077408,-86.578123
nashville_tn_mod_0000575,2019-12-29,TN,Nashville,,1,0,36.135086,-86.929861
nashville_tn_mod_0000576,2019-07-29,TN,Nashville,,1,0,36.147652,-86.552728
nashville_tn_mod_0000577,2019-06-08,TN,Nashville,,1,0,36.178312,-86.542984
nashville_tn_mod_0000578,2019-06-18,TN,Nashville,,1,0,36.147138,-86.829512
nashville_tn_mod_0000579,2019-04-03,TN,Nashville,,1,0,36.146951,-86.612927
nashville_tn_mod_0000580,2019-06-08,TN,Nashville,,1,0,36.064022,-86.755048
nashville_tn_mod_0000581,2019-09-01,TN,Nashville,,1,0,36.078875,-86.566658
nashville_tn_mod_0000582,2019-10-16,TN,Nashville,,1,0,36.131372,-86.694894
nashville_tn_mod_0000583,2019-07-23,TN,Nashville,,1,0,36.182520,-86.549527
nashville_tn_mod_0000584,2019-02-03,TN,Nashville,,1,0,36.171297,-86.547655
nashville_tn_mod_0000585,2019-05-22,TN,Nashville,,1,0,36.168674,-86.511628
nashville_tn_mod_0000586,2019-06-14,TN,Nashville,,1,0,36.143074,-86.649389
nashville_tn_mod_0000587,2019-04-20,TN,Nashville,,1,0,36.087173,-86.923696
nashville_tn_mod_0000588,2019-02-28,TN,Nashville,,1,0,36.065487,-86.566202
nashville_tn_mod_0000589,2019-05-18,TN,Nashville,,1,0,36.194458,-86.651600
nashville_tn_mod_0000590,2019-02-27,TN,Nashville,,1,0,36.152574,-86.843164
nashville_tn_mod_0000591,2019-05-26,TN,Nashville,,1,0,36.100269,-86.723520
nashville_tn_mod_0000592,2019-06-15,TN,Nashville,,1,0,36.104542,-86.884816
nashville_tn_mod_0000593,2019-12-09,TN,Nashville,,1,0,36.141399,-86.683573
nashville_tn_mod_0000594,2019-04-06,TN,Nashville,,1,0,36.190867,-86.622145
nashville_tn_mod_0000595,2019-06-04,TN,Nashville,,1,0,36.146498,-86.939087
nashville_tn_mod_0000596,2019-03-07,TN,Nashville,,1,0,36.199712,-86.540450
nashville_tn_mod_0000597,2019-06-17,TN,Nashville,,1,0,36.133448,-86.788408
nashville_tn_mod_0000598,2019-08-28,TN,Nashville,,1,0,36.082841,-86.612483
nashville_tn_mod_0000599,2019-07-14,TN,Nashville,,1,0,36.181216,-86.770512
nashville_tn_mod_0000600,2019-01-07,TN,Nashville,,1,0,36.066575,-86.839494
nashville_tn_mod_0000601,2020-11-30,TN,Nashville,,1,0,36.175029,-86.621810
nashville_tn_mod_0000602,2020-01-20,TN,Nashville,,1,0,36.133092,-86.926304
nashville_tn_mod_0000603,2020-02-06,TN,Nashville,,1,0,36.157298,-86.894777
nashville_tn_mod_0000604,2020-09-27,TN,Nashville,,1,0,36.103776,-86.552849
nashville_tn_mod_0000605,2020-01-25,TN,Nashville,,1,0,36.063579,-86.930818
nashville_tn_mod_0000606,2020-02-09,TN,Nashville,,1,0,36.097694,-86.694039
nashville_tn_mod_0000607,2020-07-27,TN,Nashville,,1,0,36.051660,-86.701766
nashville_tn_mod_0000608,2020-04-20,TN,Nashville,,1,0,36.198692,-86.882770
nashville_tn_mod_0000609,2020-02-24,TN,Nashville,,1,0,36.166900,-86.802711
nashville_tn_mod_0000610,2020-09-07,TN,Nashville,,1,0,36.184296,-86.640263
nashville_tn_mod_0000611,2020-01-28,TN,Nashville,,1,0,36.152195,-86.606429
nashville_tn_mod_0000612,2020-03-23,TN,Nashville,,1,0,36.083848,-86.639989
nashville_tn_mod_0000613,2020-07-29,TN,Nashville,,1,0,36.077282,-86.947382
nashville_tn_mod_0000614,2020-08-28,TN,Nashville,,1,0,36.068499,-86.631144
nashville_tn_mod_0000615,2020-01-04,TN,Nashville,,1,0,36.160900,-86.630964
nashville_tn_mod_0000616,2020-07-11,TN,Nashville,,1,0,36.073951,-86.889919
nashville_tn_mod_0000617,2020-01-19,TN,Nashville,,1,0,36.064172,-86.914594
nashville_tn_mod_0000618,2020-01-01,TN,Nashville,,1,0,36.144451,-86.924360
nashville_tn_mod_0000619,2020-10-08,TN,Nashville,,1,0,36.172756,-86.540110
nashville_tn_mod_0000620,2020-08-03,TN,Nashville,,1,0,36.060413,-86.844915
nashville_tn_mod_0000621,2020-04-17,TN,Nashville,,1,0,36.199354,-86.570057
nashville_tn_mod_0000622,2020-01-27,TN,Nashville,,1,0,36.190576,-86.908775
nashville_tn_mod_0000623,2020-03-13,TN,Nashville,,1,0,36.173845,-86.775621
nashville_tn_mod_0000624,2020-12-02,TN,Nashville,,1,0,36.084389,-86.846315
nashville_tn_mod_0000625,2020-10-11,TN,Nashville,,1,0,36.076402,-86.742314
nashville_tn_mod_0000626,2020-06-12,TN,Nashville,,1,0,36.163221,-86.830365
nashville_tn_mod_0000627,2020-03-22,TN,Nashville,,1,0,36.105122,-86.592518
nashville_tn_mod_0000628,2020-03-09,TN,Nashville,,1,0,36.167861,-86.946801
nashville_tn_mod_0000629,2020-01-25,TN,Nashville,,1,0,36.063585,-86.899380
nashville_tn_mod_0000630,2020-03-23,TN,Nashville,,1,0,36.074084,-86.806451
nashville_tn_mod_0000631,2020-09-15,TN,Nashville,,1,0,36.141553,-86.581063
nashville_tn_mod_0000632,2020-11-17,TN,Nashville,,1,0,36.138218,-86.793456
nashville_tn_mod_0000633,2020-09-02,TN,Nashville,,1,0,36.142085,-86.553939
nashville_tn_mod_0000634,2020-05-17,TN,Nashville,,1,0,36.067350,-86.739207
nashville_tn_mod_0000635,2020-01-08,TN,Nashville,,1,0,36.101729,-86.696209
nashville_tn_mod_0000636,2020-08-18,TN,Nashville,,1,0,36.103837,-86.868783
nashville_tn_mod_0000637,2020-05-11,TN,Nashville,,1,0,36.076627,-86.733160
nashville_tn_mod_0000638,2020-12-05,TN,Nashville,,1,0,36.060426,-86.793463
nashville_tn_mod_0000639,2020-09-12,TN,Nashville,,1,0,36.121771,-86.933535
nashville_tn_mod_0000640,2020-01-07,TN,Nashville,,1,0,36.079293,-86.693975
nashville_tn_mod_0000641,2020-10-24,TN,Nashville,,1,0,36.065694,-86.595609
nashville_tn_mod_0000642,2020-08-09,TN,Nashville,,1,0,36.190455,-86.714476
nashville_tn_mod_0000643,2020-04-10,TN,Nashville,,1,0,36.162767,-86.603382
nashville_tn_mod_0000644,2020-12-12,TN,Nashville,,1,0,36.075247,-86.677594
nashville_tn_mod_0000645,2020-02-13,TN,Nashville,,1,0,36.072946,-86.840532
nashville_tn_mod_0000646,2020-11-27,TN,Nashville,,1,0,36.053480,-86.809734
nashville_tn_mod_0000647,2020-07-24,TN,Nashville,,1,0,36.147911,-86.698796
nashville_tn_mod_0000648,2020-03-17,TN,Nashville,,1,0,36.186293,-86.580921
nashville_tn_mod_0000649,2020-04-19,TN,Nashville,,1,0,36.069572,-86.766826
nashville_tn_mod_0000650,2020-06-28,TN,Nashville,,1,0,36.123238,-86.794941
nashville_tn_mod_0000651,2020-01-15,TN,Nashville,,1,0,36.065188,-86.796085
nashville_tn_mod_0000652,2020-11-06,TN,Nashville,,1,0,36.150764,-86.593993
nashville_tn_mod_0000653,2020-02-13,TN,Nashville,,1,0,36.059433,-86.746337
nashville_tn_mod_0000654,2020-11-13,TN,Nashville,,1,0,36.063135,-86.565889
nashville_tn_mod_0000655,2020-01-22,TN,Nashville,,1,0,36.051425,-86.655525
nashville_tn_mod_0000656,2020-10-20,TN,Nashville,,1,0,36.099299,-86.708532
nashville_tn_mod_0000657,2020-10-24,TN,Nashville,,1,0,36.068980,-86.721439
nashville_tn_mod_0000658,2020-07-05,TN,Nashville,,1,0,36.123403,-86.864417
nashville_tn_mod_0000659,2020-01-19,TN,Nashville,,1,0,36.093798,-86.860394
nashville_tn_mod_0000660,2020-02-17,TN,Nashville,,1,0,36.061886,-86.527248
nashville_tn_mod_0000661,2020-08-09,TN,Nashville,,1,0,36.120705,-86.752414
nashville_tn_mod_0000662,2020-05-08,TN,Nashville,,1,0,36.196037,-86.677686
nashville_tn_mod_0000663,2020-01-05,TN,Nashville,,1,0,36.133393,-86.737361
nashville_tn_mod_0000664,2020-11-12,TN,Nashville,,1,0,36.106533,-86.845811
nashville_tn_mod_0000665,2020-11-26,TN,Nashville,,1,0,36.069546,-86.798749
nashville_tn_mod_0000666,2020-01-12,TN,Nashville,,1,0,36.125021,-86.745880
nashville_tn_mod_0000667,2020-04-21,TN,Nashville,,1,0,36.178762,-86.922089
nashville_tn_mod_0000668,2020-05-29,TN,Nashville,,1,0,36.189138,-86.771101
nashville_tn_mod_0000669,2020-01-24,TN,Nashville,,1,0,36.172447,-86.840434
nashville_tn_mod_0000670,2020-04-23,TN,Nashville,,1,0,36.096303,-86.854292
nashville_tn_mod_0000671,2020-11-04,TN,Nashville,,1,0,36.152178,-86.792210
nashville_tn_mod_0000672,2020-12-17,TN,Nashville,,1,0,36.115645,-86.892008
nashville_tn_mod_0000673,2020-09-23,TN,Nashville,,1,0,36.133288,-86.505816
nashville_tn_mod_0000674,2020-09-16,TN,Nashville,,1,0,36.124406,-86.758304
nashville_tn_mod_0000675,2020-08-07,TN,Nashville,,1,0,36.108548,-86.562395
nashville_tn_mod_0000676,2020-11-24,TN,Nashville,,1,0,36.169202,-86.667211
nashville_tn_mod_0000677,2020-01-17,TN,Nashville,,1,0,36.167468,-86.563743
nashville_tn_mod_0000678,2020-05-07,TN,Nashville,,1,0,36.050569,-86.802298
nashville_tn_mod_0000679,2020-10-23,TN,Nashville,,1,0,36.101849,-86.689558
nashville_tn_mod_0000680,2020-02-23,TN,Nashville,,1,0,36.119820,-86.742896
nashville_tn_mod_0000681,2020-04-11,TN,Nashville,,1,0,36.115090,-86.577535
nashville_tn_mod_0000682,2020-02-22,TN,Nashville,,1,0,36.123038,-86.527621
nashville_tn_mod_0000683,2020-08-14,TN,Nashville,,1,0,36.177924,-86.689942
nashville_tn_mod_0000684,2020-11-21,TN,Nashville,,1,0,36.135813,-86.638694
nashville_tn_mod_0000685,2020-07-29,TN,Nashville,,1,0,36.072908,-86.501362
nashville_tn_mod_0000686,2020-07-07,TN,Nashville,,1,0,36.054670,-86.502434
nashville_tn_mod_0000687,2020-07-18,TN,Nashville,,1,0,36.109777,-86.672458
nashville_tn_mod_0000688,2020-12-14,TN,Nashville,,1,0,36.077459,-86.556634
nashville_tn_mod_0000689,2020-11-15,TN,Nashville,,1,0,36.087590,-86.593690
nashville_tn_mod_0000690,2020-06-19,TN,Nashville,,1,0,36.096634,-86.598316
nashville_tn_mod_0000691,2020-12-02,TN,Nashville,,1,0,36.051393,-86.533582
nashville_tn_mod_0000692,2020-05-11,TN,Nashville,,1,0,36.053098,-86.668953
nashville_tn_mod_0000693,2020-10-13,TN,Nashville,,1,0,36.144054,-86.579708
nashville_tn_mod_0000694,2020-04-13,TN,Nashville,,1,0,36.188458,-86.587631
nashville_tn_mod_0000695,2020-12-29,TN,Nashville,,1,0,36.192080,-86.934004
nashville_tn_mod_0000696,2020-03-11,TN,Nashville,,1,0,36.099843,-86.913139
nashville_tn_mod_0000697,2020-01-18,TN,Nashville,,1,0,36.187194,-86.659605
nashville_tn_mod_0000698,2020-03-31,TN,Nashville,,1,0,36.072952,-86.507224
nashville_tn_mod_0000699,2020-03-29,TN,Nashville,,1,0,36.164493,-86.670538
nashville_tn_mod_0000700,2020-11-27,TN,Nashville,,1,0,36.190535,-86.626433
nashville_tn_mod_0000701,2021-03-23,TN,Nashville,,1,0,36.159749,-86.630594
nashville_tn_mod_0000702,2021-11-22,TN,Nashville,,1,0,36.199945,-86.743338
nashville_tn_mod_0000703,2021-12-22,TN,Nashville,,1,0,36.153400,-86.827963
nashville_tn_mod_0000704,2021-10-07,TN,Nashville,,1,0,36.097857,-86.634881
nashville_tn_mod_0000705,2021-08-27,TN,Nashville,,1,0,36.071593,-86.658994
nashville_tn_mod_0000706,2021-09-12,TN,Nashville,,1,0,36.078246,-86.941777
nashville_tn_mod_0000707,2021-07-17,TN,Nashville,,1,0,36.171054,-86.740490
nashville_tn_mod_0000708,2021-06-25,TN,Nashville,,1,0,36.128737,-86.840291
nashville_tn_mod_0000709,2021-02-03,TN,Nashville,,1,0,36.153288,-86.536302
nashville_tn_mod_0000710,2021-07-13,TN,Nashville,,1,0,36.170275,-86.618889
nashville_tn_mod_0000711,2021-04-15,TN,Nashville,,1,0,36.081928,-86.716919
nashville_tn_mod_0000712,2021-01-26,TN,Nashville,,1,0,36.151474,-86.658826
nashville_tn_mod_0000713,2021-02-13,TN,Nashville,,1,0,36.117726,-86.793142
nashville_tn_mod_0000714,2021-02-08,TN,Nashville,,1,0,36.169318,-86.884753
nashville_tn_mod_0000715,2021-08-30,TN,Nashville,,1,0,36.064938,-86.625500
nashville_tn_mod_0000716,2021-10-02,TN,Nashville,,1,0,36.175145,-86.813037
nashville_tn_mod_0000717,2021-11-05,TN,Nashville,,1,0,36.069396,-86.555662
nashville_tn_mod_0000718,2021-10-14,TN,Nashville,,1,0,36.180021,-86.846060
nashville_tn_mod_0000719,2021-12-24,TN,Nashville,,1,0,36.106926,-86.676714
nashville_tn_mod_0000720,2021-11-24,TN,Nashville,,1,0,36.066540,-86.589564
nashville_tn_mod_0000721,2021-05-27,TN,Nashville,,1,0,36.069649,-86.908202
nashville_tn_mod_0000722,2021-02-06,TN,Nashville,,1,0,36.106682,-86.847907
nashville_tn_mod_0000723,2021-09-06,TN,Nashville,,1,0,36.094436,-86.771462
nashville_tn_mod_0000724,2021-03-10,TN,Nashville,,1,0,36.169561,-86.899976
nashville_tn_mod_0000725,2021-11-20,TN,Nashville,,1,0,36.121884,-86.608951
nashville_tn_mod_0000726,2021-06-08,TN,Nashville,,1,0,36.058030,-86.870161
nashville_tn_mod_0000727,2021-01-27,TN,Nashville,,1,0,36.087648,-86.852726
nashville_tn_mod_0000728,2021-12-03,TN,Nashville,,1,0,36.142588,-86.779554
nashville_tn_mod_0000729,2021-11-24,TN,Nashville,,1,0,36.100660,-86.841764
nashville_tn_mod_0000730,2021-01-19,TN,Nashville,,1,0,36.090976,-86.585140
nashville_tn_mod_0000731,2021-12-28,TN,Nashville,,1,0,36.124906,-86.534824
nashville_tn_mod_0000732,2021-07-26,TN,Nashville,,1,0,36.104603,-86.809343
nashville_tn_mod_0000733,2021-03-19,TN,Nashville,,1,0,36.096428,-86.841643
nashville_tn_mod_0000734,2021-05-02,TN,Nashville,,1,0,36.058079,-86.647022
nashville_tn_mod_0000735,2021-06-02,TN,Nashville,,1,0,36.070992,-86.694704
nashville_tn_mod_0000736,2021-03-26,TN,Nashville,,1,0,36.126146,-86.789802
nashville_tn_mod_0000737,2021-01-14,TN,Nashville,,1,0,36.085654,-86.881571
nashville_tn_mod_0000738,2021-10-07,TN,Nashville,,1,0,36.176460,-86.576515
nashville_tn_mod_0000739,2021-05-11,TN,Nashville,,1,0,36.095848,-86.527006
nashville_tn_mod_0000740,2021-07-09,TN,Nashville,,1,0,36.091177,-86.728762
nashville_tn_mod_0000741,2021-09-07,TN,Nashville,,1,0,36.159537,-86.945483
nashville_tn_mod_0000742,2021-06-28,TN,Nashville,,1,0,36.086217,-86.764845
nashville_tn_mod_0000743,2021-12-20,TN,Nashville,,1,0,36.181830,-86.767757
nashville_tn_mod_0000744,2021-12-16,TN,Nashville,,1,0,36.071046,-86.841076
nashville_tn_mod_0000745,2021-07-19,TN,Nashville,,1,0,36.060407,-86.759067
nashville_tn_mod_0000746,2021-04-10,TN,Nashville,,1,0,36.121269,-86.916745
nashville_tn_mod_0000747,2021-05-22,TN,Nashville,,1,0,36.055736,-86.869366
nashville_tn_mod_0000748,2021-12-08,TN,Nashville,,1,0,36.143264,-86.825198
nashville_tn_mod_0000749,2021-07-09,TN,Nashville,,1,0,36.071025,-86.820361
nashville_tn_mod_0000750,2021-12-14,TN,Nashville,,1,0,36.054945,-86.616985
nashville_tn_mod_0000751,2021-10-12,TN,Nashville,,1,0,36.056119,-86.805958
nashville_tn_mod_0000752,2021-10-11,TN,Nashville,,1,0,36.145515,-86.500034
nashville_tn_mod_0000753,2021-05-14,TN,Nashville,,1,0,36.112591,-86.627968
nashville_tn_mod_0000754,2021-11-07,TN,Nashville,,1,0,36.186071,-86.844007
nashville_tn_mod_0000755,2021-12-13,TN,Nashville,,1,0,36.108880,-86.682825
nashville_tn_mod_0000756,2021-06-03,TN,Nashville,,1,0,36.178242,-86.557072
nashville_tn_mod_0000757,2021-06-18,TN,Nashville,,1,0,36.175888,-86.722265
nashville_tn_mod_0000758,2021-07-08,TN,Nashville,,1,0,36.197750,-86.935440
nashville_tn_mod_0000759,2021-01-25,TN,Nashville,,1,0,36.076966,-86.668358
nashville_tn_mod_0000760,2021-02-25,TN,Nashville,,1,0,36.194765,-86.710999
nashville_tn_mod_0000761,2021-02-06,TN,Nashville,,1,0,36.082167,-86.898359
nashville_tn_mod_0000762,2021-07-31,TN,Nashville,,1,0,36.077810,-86.945678
nashville_tn_mod_0000763,2021-01-09,TN,Nashville,,1,0,36.198523,-86.787378
nashville_tn_mod_0000764,2021-10-08,TN,Nashville,,1,0,36.193279,-86.733680
nashville_tn_mod_0000765,2021-12-20,TN,Nashville,,1,0,36.106957,-86.777434
nashville_tn_mod_0000766,2021-12-08,TN,Nashville,,1,0,36.091736,-86.688150
nashville_tn_mod_0000767,2021-10-26,TN,Nashville,,1,0,36.142379,-86.522881
nashville_tn_mod_0000768,2021-11-15,TN,Nashville,,1,0,36.119767,-86.550159
nashville_tn_mod_0000769,2021-08-08,TN,Nashville,,1,0,36.062289,-86.593287
nashville_tn_mod_0000770,2021-06-28,TN,Nashville,,1,0,36.165834,-86.905042
nashville_tn_mod_0000771,2021-11-24,TN,Nashville,,1,0,36.196212,-86.612750
nashville_tn_mod_0000772,2021-10-10,TN,Nashville,,1,0,36.160219,-86.728236
nashville_tn_mod_0000773,2021-05-12,TN,Nashville,,1,0,36.159173,-86.597250
nashville_tn_mod_0000774,2021-08-02,TN,Nashville,,1,0,36.055848,-86.916320
nashville_tn_mod_0000775,2021-11-11,TN,Nashville,,1,0,36.152166,-86.758479
nashville_tn_mod_0000776,2021-12-24,TN,Nashville,,1,0,36.093303,-86.560586
nashville_tn_mod_0000777,2021-12-29,TN,Nashville,,1,0,36.149267,-86.791425
nashville_tn_mod_0000778,2021-12-25,TN,Nashville,,1,0,36.189530,-86.579576
nashville_tn_mod_0000779,2021-09-13,TN,Nashville,,1,0,36.050159,-86.779796
nashville_tn_mod_0000780,2021-12-15,TN,Nashville,,1,0,36.158765,-86.868375
nashville_tn_mod_0000781,2021-04-08,TN,Nashville,,1,0,36.193596,-86.726458
nashville_tn_mod_0000782,2021-01-21,TN,Nashville,,1,0,36.174234,-86.921683
nashville_tn_mod_0000783,2021-03-06,TN,Nashville,,1,0,36.094123,-86.909334
nashville_tn_mod_0000784,2021-11-13,TN,Nashville,,1,0,36.101922,-86.661421
nashville_tn_mod_0000785,2021-11-12,TN,Nashville,,1,0,36.076979,-86.679232
nashville_tn_mod_0000786,2021-06-14,TN,Nashville,,1,0,36.071443,-86.722283
nashville_tn_mod_0000787,2021-09-22,TN,Nashville,,1,0,36.196345,-86.846429
nashville_tn_mod_0000788,2021-04-11,TN,Nashville,,1,0,36.057327,-86.710647
nashville_tn_mod_0000789,2021-07-20,TN,Nashville,,1,0,36.147016,-86.829131
nashville_tn_mod_0000790,2021-12-26,TN,Nashville,,1,0,36.083477,-86.519708
nashville_tn_mod_0000791,2021-01-22,TN,Nashville,,1,0,36.140653,-86.618699
nashville_tn_mod_0000792,2021-10-11,TN,Nashville,,1,0,36.072541,-86.785427
nashville_tn_mod_0000793,2021-11-07,TN,Nashville,,1,0,36.092085,-86.758864
nashville_tn_mod_0000794,2021-06-30,TN,Nashville,,1,0,36.115392,-86.518933
nashville_tn_mod_0000795,2021-11-20,TN,Nashville,,1,0,36.180205,-86.729722
nashville_tn_mod_0000796,2021-07-18,TN,Nashville,,1,0,36.157657,-86.605246
nashville_tn_mod_0000797,2021-03-25,TN,Nashville,,1,0,36.094799,-86.541336
nashville_tn_mod_0000798,2021-03-05,TN,Nashville,,1,0,36.164846,-86.928893
nashville_tn_mod_0000799,2021-04-16,TN,Nashville,,1,0,36.085506,-86.737945
nashville_tn_mod_0000800,2021-04-25,TN,Nashville,,1,0,36.196748,-86.625653
nashville_tn_mod_0000801,2022-06-17,TN,Nashville,,1,0,36.198669,-86.881237
nashville_tn_mod_0000802,2022-11-17,TN,Nashville,,1,0,36.101815,-86.890585
nashville_tn_mod_0000803,2022-06-03,TN,Nashville,,1,0,36.126447,-86.565289
nashville_tn_mod_0000804,2022-03-09,TN,Nashville,,1,0,36.050730,-86.666993
nashville_tn_mod_0000805,2022-11-08,TN,Nashville,,1,0,36.119395,-86.914501
nashville_tn_mod_0000806,2022-03-14,TN,Nashville,,1,0,36.176824,-86.818810
nashville_tn_mod_0000807,2022-07-09,TN,Nashville,,1,0,36.198334,-86.881904
nashville_tn_mod_0000808,2022-05-01,TN,Nashville,,1,0,36.190233,-86.944802
nashville_tn_mod_0000809,2022-03-03,TN,Nashville,,1,0,36.099651,-86.813249
nashville_tn_mod_0000810,2022-06-02,TN,Nashville,,1,0,36.193580,-86.698028
nashville_tn_mod_0000811,2022-12-21,TN,Nashville,,1,0,36.074961,-86.521909
nashville_tn_mod_0000812,2022-04-25,TN,Nashville,,1,0,36.157229,-86.680470
nashville_tn_mod_0000813,2022-08-05,TN,Nashville,,1,0,36.178706,-86.852422
nashville_tn_mod_0000814,2022-01-02,TN,Nashville,,1,0,36.197024,-86.803115
nashville_tn_mod_0000815,2022-08-23,TN,Nashville,,1,0,36.124327,-86.840430
nashville_tn_mod_0000816,2022-10-16,TN,Nashville,,1,0,36.064085,-86.660642
nashville_tn_mod_0000817,2022-09-13,TN,Nashville,,1,0,36.189074,-86.899218
nashville_tn_mod_0000818,2022-04-03,TN,Nashville,,1,0,36.080522,-86.675541
nashville_tn_mod_0000819,2022-11-18,TN,Nashville,,1,0,36.160774,-86.583803
nashville_tn_mod_0000820,2022-11-25,TN,Nashville,,1,0,36.175572,-86.835931
nashville_tn_mod_0000821,2022-12-02,TN,Nashville,,1,0,36.103554,-86.536558
nashville_tn_mod_0000822,2022-10-13,TN,Nashville,,1,0,36.092109,-86.910014
nashville_tn_mod_0000823,2022-02-02,TN,Nashville,,1,0,36.069076,-86.630302
nashville_tn_mod_0000824,2022-04-24,TN,Nashville,,1,0,36.187551,-86.815173
nashville_tn_mod_0000825,2022-12-24,TN,Nashville,,1,0,36.170287,-86.605820
nashville_tn_mod_0000826,2022-05-09,TN,Nashville,,1,0,36.071276,-86.895014
nashville_tn_mod_0000827,2022-08-26,TN,Nashville,,1,0,36.187606,-86.786119
nashville_tn_mod_0000828,2022-01-02,TN,Nashville,,1,0,36.137264,-86.870397
nashville_tn_mod_0000829,2022-01-08,TN,Nashville,,1,0,36.146596,-86.840843
nashville_tn_mod_0000830,2022-11-20,TN,Nashville,,1,0,36.114581,-86.583929
nashville_tn_mod_0000831,2022-05-12,TN,Nashville,,1,0,36.084054,-86.529948
nashville_tn_mod_0000832,2022-02-15,TN,Nashville,,1,0,36.057563,-86.762283
nashville_tn_mod_0000833,2022-11-09,TN,Nashville,,1,0,36.156043,-86.880871
nashville_tn_mod_0000834,2022-07-26,TN,Nashville,,1,0,36.193782,-86.512960
nashville_tn_mod_0000835,2022-09-18,TN,Nashville,,1,0,36.118328,-86.766928
nashville_tn_mod_0000836,2022-03-22,TN,Nashville,,1,0,36.060481,-86.672340
nashville_tn_mod_0000837,2022-11-07,TN,Nashville,,1,0,36.099201,-86.691730
nashville_tn_mod_0000838,2022-01-05,TN,Nashville,,1,0,36.096633,-86.839812
nashville_tn_mod_0000839,2022-05-06,TN,Nashville,,1,0,36.107505,-86.546711
nashville_tn_mod_0000840,2022-01-02,TN,Nashville,,1,0,36.184632,-86.714407
nashville_tn_mod_0000841,2022-11-04,TN,Nashville,,1,0,36.071506,-86.706543
nashville_tn_mod_0000842,2022-02-15,TN,Nashville,,1,0,36.075358,-86.602096
nashville_tn_mod_0000843,2022-05-01,TN,Nashville,,1,0,36.125184,-86.721400
nashville_tn_mod_0000844,2022-10-13,TN,Nashville,,1,0,36.110962,-86.891341
nashville_tn_mod_0000845,2022-04-09,TN,Nashville,,1,0,36.187099,-86.512446
nashville_tn_mod_0000846,2022-01-24,TN,Nashville,,1,0,36.174970,-86.601289
nashville_tn_mod_0000847,2022-03-28,TN,Nashville,,1,0,36.150722,-86.635192
nashville_tn_mod_0000848,2022-03-09,TN,Nashville,,1,0,36.138751,-86.895226
nashville_tn_mod_0000849,2022-02-07,TN,Nashville,,1,0,36.184511,-86.596946
nashville_tn_mod_0000850,2022-01-05,TN,Nashville,,1,0,36.186360,-86.623642
nashville_tn_mod_0000851,2022-04-26,TN,Nashville,,1,0,36.078474,-86.695233
nashville_tn_mod_0000852,2022-01-31,TN,Nashville,,1,0,36.128358,-86.745151
nashville_tn_mod_0000853,2022-04-28,TN,Nashville,,1,0,36.139497,-86.632867
nashville_tn_mod_0000854,2022-01-01,TN,Nashville,,1,0,36.060827,-86.623018
nashville_tn_mod_0000855,2022-04-12,TN,Nashville,,1,0,36.053487,-86.909954
nashville_tn_mod_0000856,2022-12-18,TN,Nashville,,1,0,36.077051,-86.544132
nashville_tn_mod_0000857,2022-03-11,TN,Nashville,,1,0,36.064915,-86.832491
nashville_tn_mod_0000858,2022-02-19,TN,Nashville,,1,0,36.130981,-86.832876
nashville_tn_mod_0000859,2022-01-03,TN,Nashville,,1,0,36.135881,-86.910189
nashville_tn_mod_0000860,2022-10-07,TN,Nashville,,1,0,36.137117,-86.533498
nashville_tn_mod_0000861,2022-06-11,TN,Nashville,,1,0,36.113589,-86.716219
nashville_tn_mod_0000862,2022-07-05,TN,Nashville,,1,0,36.179207,-86.855734
nashville_tn_mod_0000863,2022-02-19,TN,Nashville,,1,0,36.120157,-86.897909
nashville_tn_mod_0000864,2022-10-28,TN,Nashville,,1,0,36.146050,-86.649578
nashville_tn_mod_0000865,2022-10-08,TN,Nashville,,1,0,36.194779,-86.784076
nashville_tn_mod_0000866,2022-06-15,TN,Nashville,,1,0,36.178887,-86.500141
nashville_tn_mod_0000867,2022-12-26,TN,Nashville,,1,0,36.096437,-86.789524
nashville_tn_mod_0000868,2022-09-07,TN,Nashville,,1,0,36.108007,-86.769804
nashville_tn_mod_0000869,2022-01-10,TN,Nashville,,1,0,36.050358,-86.923527
nashville_tn_mod_0000870,2022-08-09,TN,Nashville,,1,0,36.120684,-86.674395
nashville_tn_mod_0000871,2022-05-07,TN,Nashville,,1,0,36.145243,-86.618002
nashville_tn_mod_0000872,2022-05-20,TN,Nashville,,1,0,36.118256,-86.883843
nashville_tn_mod_0000873,2022-10-30,TN,Nashville,,1,0,36.064397,-86.789120
nashville_tn_mod_0000874,2022-03-08,TN,Nashville,,1,0,36.106380,-86.920750
nashville_tn_mod_0000875,2022-06-16,TN,Nashville,,1,0,36.168714,-86.817388
nashville_tn_mod_0000876,2022-11-01,TN,Nashville,,1,0,36.189090,-86.665707
nashville_tn_mod_0000877,2022-07-22,TN,Nashville,,1,0,36.089411,-86.865105
nashville_tn_mod_0000878,2022-06-16,TN,Nashville,,1,0,36.186399,-86.812460
nashville_tn_mod_0000879,2022-10-20,TN,Nashville,,1,0,36.102225,-86.902485
nashville_tn_mod_0000880,2022-06-02,TN,Nashville,,1,0,36.133506,-86.606047
nashville_tn_mod_0000881,2022-05-07,TN,Nashville,,1,0,36.097227,-86.935238
nashville_tn_mod_0000882,2022-11-28,TN,Nashville,,1,0,36.158849,-86.506360
nashville_tn_mod_0000883,2022-01-31,TN,Nashville,,1,0,36.166467,-86.870671
nashville_tn_mod_0000884,2022-08-16,TN,Nashville,,1,0,36.139360,-86.928661
nashville_tn_mod_0000885,2022-12-17,TN,Nashville,,1,0,36.074291,-86.713114
nashville_tn_mod_0000886,2022-10-30,TN,Nashville,,1,0,36.198246,-86.595930
nashville_tn_mod_0000887,2022-01-21,TN,Nashville,,1,0,36.126782,-86.554146
nashville_tn_mod_0000888,2022-03-03,TN,Nashville,,1,0,36.054633,-86.876730
nashville_tn_mod_0000889,2022-10-07,TN,Nashville,,1,0,36.078417,-86.866179
nashville_tn_mod_0000890,2022-11-12,TN,Nashville,,1,0,36.106338,-86.775888
nashville_tn_mod_0000891,2022-08-16,TN,Nashville,,1,0,36.152222,-86.714001
nashville_tn_mod_0000892,2022-02-19,TN,Nashville,,1,0,36.095994,-86.751699
nashville_tn_mod_0000893,2022-10-05,TN,Nashville,,1,0,36.186079,-86.662322
nashville_tn_mod_0000894,2022-06-05,TN,Nashville,,1,0,36.054714,-86.857821
nashville_tn_mod_0000895,2022-11-05,TN,Nashville,,1,0,36.126989,-86.513498
nashville_tn_mod_0000896,2022-08-30,TN,Nashville,,1,0,36.076234,-86.685226
nashville_tn_mod_0000897,2022-08-10,TN,Nashville,,1,0,36.120033,-86.917892
nashville_tn_mod_0000898,2022-02-09,TN,Nashville,,1,0,36.157554,-86.771984
nashville_tn_mod_0000899,2022-03-21,TN,Nashville,,1,0,36.105160,-86.631256
nashville_tn_mod_0000900,2022-02-21,TN,Nashville,,1,0,36.106363,-86.729032
nashville_tn_mod_0000901,2023-11-09,TN,Nashville,,1,0,36.110364,-86.561662
nashville_tn_mod_0000902,2023-08-30,TN,Nashville,,1,0,36.084896,-86.548817
nashville_tn_mod_0000903,2023-01-31,TN,Nashville,,1,0,36.158648,-86.938599
nashville_tn_mod_0000904,2023-12-20,TN,Nashville,,1,0,36.189245,-86.572457
nashville_tn_mod_0000905,2023-06-17,TN,Nashville,,1,0,36.098500,-86.521027
nashville_tn_mod_0000906,2023-11-29,TN,Nashville,,1,0,36.187574,-86.776855
nashville_tn_mod_0000907,2023-12-17,TN,Nashville,,1,0,36.097788,-86.873232
nashville_tn_mod_0000908,2023-02-17,TN,Nashville,,1,0,36.154044,-86.946158
nashville_tn_mod_0000909,2023-08-29,TN,Nashville,,1,0,36.187250,-86.533970
nashville_tn_mod_0000910,2023-09-22,TN,Nashville,,1,0,36.093667,-86.941330
nashville_tn_mod_0000911,2023-01-29,TN,Nashville,,1,0,36.172448,-86.818581
nashville_tn_mod_0000912,2023-08-19,TN,Nashville,,1,0,36.185471,-86.874827
nashville_tn_mod_0000913,2023-08-21,TN,Nashville,,1,0,36.113948,-86.630437
nashville_tn_mod_0000914,2023-02-03,TN,Nashville,,1,0,36.152809,-86.942723
nashville_tn_mod_0000915,2023-03-31,TN,Nashville,,1,0,36.145806,-86.586197
nashville_tn_mod_0000916,2023-05-30,TN,Nashville,,1,0,36.177366,-86.917576
nashville_tn_mod_0000917,2023-05-11,TN,Nashville,,1,0,36.091945,-86.776103
nashville_tn_mod_0000918,2023-11-18,TN,Nashville,,1,0,36.159165,-86.779407
nashville_tn_mod_0000919,2023-08-02,TN,Nashville,,1,0,36.147170,-86.655897
nashville_tn_mod_0000920,2023-03-18,TN,Nashville,,1,0,36.120417,-86.560605
nashville_tn_mod_0000921,2023-07-31,TN,Nashville,,1,0,36.180124,-86.895915
nashville_tn_mod_0000922,2023-12-22,TN,Nashville,,1,0,36.144250,-86.890638
nashville_tn_mod_0000923,2023-02-14,TN,Nashville,,1,0,36.124586,-86.743239
nashville_tn_mod_0000924,2023-11-03,TN,Nashville,,1,0,36.061189,-86.818466
nashville_tn_mod_0000925,2023-07-08,TN,Nashville,,1,0,36.126257,-86.791446
nashville_tn_mod_0000926,2023-02-11,TN,Nashville,,1,0,36.116227,-86.723395
nashville_tn_mod_0000927,2023-09-27,TN,Nashville,,1,0,36.178305,-86.531064
nashville_tn_mod_0000928,2023-10-23,TN,Nashville,,1,0,36.141258,-86.646112
nashville_tn_mod_0000929,2023-06-10,TN,Nashville,,1,0,36.107280,-86.548742
nashville_tn_mod_0000930,2023-12-06,TN,Nashville,,1,0,36.089751,-86.548077
nashville_tn_mod_0000931,2023-12-30,TN,Nashville,,1,0,36.165628,-86.864105
nashville_tn_mod_0000932,2023-12-10,TN,Nashville,,1,0,36.124248,-86.933087
nashville_tn_mod_0000933,2023-07-19,TN,Nashville,,1,0,36.071452,-86.526253
nashville_tn_mod_0000934,2023-08-23,TN,Nashville,,1,0,36.185619,-86.786548
nashville_tn_mod_0000935,2023-07-05,TN,Nashville,,1,0,36.107107,-86.651835
nashville_tn_mod_0000936,2023-09-26,TN,Nashville,,1,0,36.129728,-86.585997
nashville_tn_mod_0000937,2023-05-18,TN,Nashville,,1,0,36.193546,-86.749012
nashville_tn_mod_0000938,2023-03-21,TN,Nashville,,1,0,36.053290,-86.887407
nashville_tn_mod_0000939,2023-05-07,TN,Nashville,,1,0,36.075239,-86.626981
nashville_tn_mod_0000940,2023-03-29,TN,Nashville,,1,0,36.089851,-86.734036
nashville_tn_mod_0000941,2023-02-13,TN,Nashville,,1,0,36.061937,-86.627931
nashville_tn_mod_0000942,2023-02-26,TN,Nashville,,1,0,36.188419,-86.734487
nashville_tn_mod_0000943,2023-03-26,TN,Nashville,,1,0,36.151237,-86.519725
nashville_tn_mod_0000944,2023-09-30,TN,Nashville,,1,0,36.185377,-86.707262
nashville_tn_mod_0000945,2023-07-17,TN,Nashville,,1,0,36.135200,-86.606631
nashville_tn_mod_0000946,2023-11-14,TN,Nashville,,1,0,36.061258,-86.504545
nashville_tn_mod_0000947,2023-12-25,TN,Nashville,,1,0,36.103356,-86.774564
nashville_tn_mod_0000948,2023-11-30,TN,Nashville,,1,0,36.116707,-86.704888
nashville_tn_mod_0000949,2023-10-25,TN,Nashville,,1,0,36.093144,-86.652924
nashville_tn_mod_0000950,2023-08-31,TN,Nashville,,1,0,36.072285,-86.712587
nashville_tn_mod_0000951,2023-02-09,TN,Nashville,,1,0,36.168317,-86.867131
nashville_tn_mod_0000952,2023-11-27,TN,Nashville,,1,0,36.114385,-86.628861
nashville_tn_mod_0000953,2023-04-08,TN,Nashville,,1,0,36.102323,-86.827943
nashville_tn_mod_0000954,2023-11-07,TN,Nashville,,1,0,36.174789,-86.732873
nashville_tn_mod_0000955,2023-07-18,TN,Nashville,,1,0,36.175712,-86.837820
nashville_tn_mod_0000956,2023-08-07,TN,Nashville,,1,0,36.067257,-86.862318
nashville_tn_mod_0000957,2023-07-10,TN,Nashville,,1,0,36.059263,-86.626835
nashville_tn_mod_0000958,2023-10-26,TN,Nashville,,1,0,36.150927,-86.663220
nashville_tn_mod_0000959,2023-03-24,TN,Nashville,,1,0,36.170746,-86.504090
nashville_tn_mod_0000960,2023-06-14,TN,Nashville,,1,0,36.084206,-86.705894
nashville_tn_mod_0000961,2023-03-11,TN,Nashville,,1,0,36.139365,-86.788997
nashville_tn_mod_0000962,2023-01-17,TN,Nashville,,1,0,36.164737,-86.921811
nashville_tn_mod_0000963,2023-11-21,TN,Nashville,,1,0,36.184074,-86.637689
nashville_tn_mod_0000964,2023-09-02,TN,Nashville,,1,0,36.099015,-86.605507
nashville_tn_mod_0000965,2023-04-04,TN,Nashville,,1,0,36.129367,-86.575127
nashville_tn_mod_0000966,2023-08-10,TN,Nashville,,1,0,36.120437,-86.926682
nashville_tn_mod_0000967,2023-01-15,TN,Nashville,,1,0,36.167655,-86.802516
nashville_tn_mod_0000968,2023-12-07,TN,Nashville,,1,0,36.112997,-86.500220
nashville_tn_mod_0000969,2023-10-23,TN,Nashville,,1,0,36.090705,-86.916971
nashville_tn_mod_0000970,2023-10-09,TN,Nashville,,1,0,36.166033,-86.888104
nashville_tn_mod_0000971,2023-06-12,TN,Nashville,,1,0,36.156796,-86.619323
nashville_tn_mod_0000972,2023-07-03,TN,Nashville,,1,0,36.057977,-86.745156
nashville_tn_mod_0000973,2023-09-02,TN,Nashville,,1,0,36.188137,-86.574235
nashville_tn_mod_0000974,2023-08-24,TN,Nashville,,1,0,36.098936,-86.770334
nashville_tn_mod_0000975,2023-01-13,TN,Nashville,,1,0,36.107345,-86.746897
nashville_tn_mod_0000976,2023-04-11,TN,Nashville,,1,0,36.160341,-86.840473
nashville_tn_mod_0000977,2023-07-22,TN,Nashville,,1,0,36.059223,-86.573809
nashville_tn_mod_0000978,2023-05-20,TN,Nashville,,1,0,36.134904,-86.933068
nashville_tn_mod_0000979,2023-06-18,TN,Nashville,,1,0,36.088573,-86.618603
nashville_tn_mod_0000980,2023-07-17,TN,Nashville,,1,0,36.147329,-86.544842
nashville_tn_mod_0000981,2023-10-18,TN,Nashville,,1,0,36.079612,-86.830433
nashville_tn_mod_0000982,2023-11-05,TN,Nashville,,1,0,36.115960,-86.857283
nashville_tn_mod_0000983,2023-01-23,TN,Nashville,,1,0,36.185923,-86.503526
nashville_tn_mod_0000984,2023-01-08,TN,Nashville,,1,0,36.091462,-86.638034
nashville_tn_mod_0000985,2023-07-18,TN,Nashville,,1,0,36.083137,-86.917124
nashville_tn_mod_0000986,2023-09-08,TN,Nashville,,1,0,36.141851,-86.644848
nashville_tn_mod_0000987,2023-05-28,TN,Nashville,,1,0,36.060008,-86.836935
nashville_tn_mod_0000988,2023-08-10,TN,Nashville,,1,0,36.113289,-86.926515
nashville_tn_mod_0000989,2023-11-18,TN,Nashville,,1,0,36.113286,-86.880237
nashville_tn_mod_0000990,2023-04-14,TN,Nashville,,1,0,36.167126,-86.697770
nashville_tn_mod_0000991,2023-12-11,TN,Nashville,,1,0,36.124852,-86.550545
nashville_tn_mod_0000992,2023-08-18,TN,Nashville,,1,0,36.074860,-86.803945
nashville_tn_mod_0000993,2023-03-15,TN,Nashville,,1,0,36.165020,-86.564499
nashville_tn_mod_0000994,2023-06-11,TN,Nashville,,1,0,36.198930,-86.602717
nashville_tn_mod_0000995,2023-02-03,TN,Nashville,,1,0,36.087691,-86.889836
nashville_tn_mod_0000996,2023-02-26,TN,Nashville,,1,0,36.170476,-86.829097
nashville_tn_mod_0000997,2023-05-11,TN,Nashville,,1,0,36.172679,-86.718949
nashville_tn_mod_0000998,2023-02-26,TN,Nashville,,1,0,36.179154,-86.920856
nashville_tn_mod_0000999,2023-04-21,TN,Nashville,,1,0,36.102594,-86.772957
nashville_tn_mod_0001000,2023-09-08,TN,Nashville,,1,0,36.141891,-86.680501
